file,line,type,commit,author,date,time,timezone,datetime,depth,length
style.css,1,css,e955c11e,Artien Voskanian,2025-10-09,21:14:08,-07:00,2025-10-09T21:14:08-07:00,0,4
style.css,2,css,e955c11e,Artien Voskanian,2025-10-09,21:14:08,-07:00,2025-10-09T21:14:08-07:00,1,43
style.css,3,css,e955c11e,Artien Voskanian,2025-10-09,21:14:08,-07:00,2025-10-09T21:14:08-07:00,0,42
style.css,4,css,e955c11e,Artien Voskanian,2025-10-09,21:14:08,-07:00,2025-10-09T21:14:08-07:00,0,0
style.css,5,css,e955c11e,Artien Voskanian,2025-10-09,21:14:08,-07:00,2025-10-09T21:14:08-07:00,1,23
style.css,6,css,e955c11e,Artien Voskanian,2025-10-09,21:14:08,-07:00,2025-10-09T21:14:08-07:00,0,0
style.css,7,css,e955c11e,Artien Voskanian,2025-10-09,21:14:08,-07:00,2025-10-09T21:14:08-07:00,0,0
style.css,8,css,e955c11e,Artien Voskanian,2025-10-09,21:14:08,-07:00,2025-10-09T21:14:08-07:00,0,4
style.css,9,css,e955c11e,Artien Voskanian,2025-10-09,21:14:08,-07:00,2025-10-09T21:14:08-07:00,1,77
style.css,10,css,e955c11e,Artien Voskanian,2025-10-09,21:14:08,-07:00,2025-10-09T21:14:08-07:00,1,55
style.css,11,css,e955c11e,Artien Voskanian,2025-10-09,21:14:08,-07:00,2025-10-09T21:14:08-07:00,1,73
style.css,12,css,e955c11e,Artien Voskanian,2025-10-09,21:14:08,-07:00,2025-10-09T21:14:08-07:00,1,46
style.css,13,css,e955c11e,Artien Voskanian,2025-10-09,21:14:08,-07:00,2025-10-09T21:14:08-07:00,1,18
style.css,14,css,e955c11e,Artien Voskanian,2025-10-09,21:14:08,-07:00,2025-10-09T21:14:08-07:00,0,0
style.css,15,css,e955c11e,Artien Voskanian,2025-10-09,21:14:08,-07:00,2025-10-09T21:14:08-07:00,0,0
style.css,16,css,e955c11e,Artien Voskanian,2025-10-09,21:14:08,-07:00,2025-10-09T21:14:08-07:00,0,26
style.css,17,css,e955c11e,Artien Voskanian,2025-10-09,21:14:08,-07:00,2025-10-09T21:14:08-07:00,0,5
style.css,18,css,e955c11e,Artien Voskanian,2025-10-09,21:14:08,-07:00,2025-10-09T21:14:08-07:00,1,33
style.css,19,css,e955c11e,Artien Voskanian,2025-10-09,21:14:08,-07:00,2025-10-09T21:14:08-07:00,1,81
style.css,20,css,e955c11e,Artien Voskanian,2025-10-09,21:14:08,-07:00,2025-10-09T21:14:08-07:00,1,20
style.css,21,css,e955c11e,Artien Voskanian,2025-10-09,21:14:08,-07:00,2025-10-09T21:14:08-07:00,2,16
style.css,22,css,e955c11e,Artien Voskanian,2025-10-09,21:14:08,-07:00,2025-10-09T21:14:08-07:00,1,0
style.css,23,css,e955c11e,Artien Voskanian,2025-10-09,21:14:08,-07:00,2025-10-09T21:14:08-07:00,0,0
style.css,24,css,e955c11e,Artien Voskanian,2025-10-09,21:14:08,-07:00,2025-10-09T21:14:08-07:00,0,0
style.css,25,css,e955c11e,Artien Voskanian,2025-10-09,21:14:08,-07:00,2025-10-09T21:14:08-07:00,0,12
style.css,26,css,e955c11e,Artien Voskanian,2025-10-09,21:14:08,-07:00,2025-10-09T21:14:08-07:00,1,61
style.css,27,css,e955c11e,Artien Voskanian,2025-10-09,21:14:08,-07:00,2025-10-09T21:14:08-07:00,1,51
style.css,28,css,e955c11e,Artien Voskanian,2025-10-09,21:14:08,-07:00,2025-10-09T21:14:08-07:00,0,0
style.css,29,css,e955c11e,Artien Voskanian,2025-10-09,21:14:08,-07:00,2025-10-09T21:14:08-07:00,0,17
style.css,30,css,e955c11e,Artien Voskanian,2025-10-09,21:14:08,-07:00,2025-10-09T21:14:08-07:00,1,16
style.css,31,css,e955c11e,Artien Voskanian,2025-10-09,21:14:08,-07:00,2025-10-09T21:14:08-07:00,0,0
style.css,32,css,e955c11e,Artien Voskanian,2025-10-09,21:14:08,-07:00,2025-10-09T21:14:08-07:00,0,0
style.css,33,css,e955c11e,Artien Voskanian,2025-10-09,21:14:08,-07:00,2025-10-09T21:14:08-07:00,0,74
style.css,34,css,e955c11e,Artien Voskanian,2025-10-09,21:14:08,-07:00,2025-10-09T21:14:08-07:00,0,25
style.css,35,css,e955c11e,Artien Voskanian,2025-10-09,21:14:08,-07:00,2025-10-09T21:14:08-07:00,1,12
style.css,36,css,e955c11e,Artien Voskanian,2025-10-09,21:14:08,-07:00,2025-10-09T21:14:08-07:00,1,18
style.css,37,css,e955c11e,Artien Voskanian,2025-10-09,21:14:08,-07:00,2025-10-09T21:14:08-07:00,1,10
style.css,38,css,e955c11e,Artien Voskanian,2025-10-09,21:14:08,-07:00,2025-10-09T21:14:08-07:00,1,14
style.css,39,css,e955c11e,Artien Voskanian,2025-10-09,21:14:08,-07:00,2025-10-09T21:14:08-07:00,0,0
style.css,40,css,e955c11e,Artien Voskanian,2025-10-09,21:14:08,-07:00,2025-10-09T21:14:08-07:00,0,0
style.css,41,css,e955c11e,Artien Voskanian,2025-10-09,21:14:08,-07:00,2025-10-09T21:14:08-07:00,0,26
style.css,42,css,e955c11e,Artien Voskanian,2025-10-09,21:14:08,-07:00,2025-10-09T21:14:08-07:00,0,27
style.css,43,css,e955c11e,Artien Voskanian,2025-10-09,21:14:08,-07:00,2025-10-09T21:14:08-07:00,1,20
style.css,44,css,e955c11e,Artien Voskanian,2025-10-09,21:14:08,-07:00,2025-10-09T21:14:08-07:00,1,13
style.css,45,css,e955c11e,Artien Voskanian,2025-10-09,21:14:08,-07:00,2025-10-09T21:14:08-07:00,1,22
style.css,46,css,e955c11e,Artien Voskanian,2025-10-09,21:14:08,-07:00,2025-10-09T21:14:08-07:00,1,64
style.css,47,css,e955c11e,Artien Voskanian,2025-10-09,21:14:08,-07:00,2025-10-09T21:14:08-07:00,1,20
style.css,48,css,e955c11e,Artien Voskanian,2025-10-09,21:14:08,-07:00,2025-10-09T21:14:08-07:00,0,0
style.css,49,css,e955c11e,Artien Voskanian,2025-10-09,21:14:08,-07:00,2025-10-09T21:14:08-07:00,0,0
style.css,50,css,e955c11e,Artien Voskanian,2025-10-09,21:14:08,-07:00,2025-10-09T21:14:08-07:00,0,21
style.css,51,css,e955c11e,Artien Voskanian,2025-10-09,21:14:08,-07:00,2025-10-09T21:14:08-07:00,0,47
style.css,52,css,e955c11e,Artien Voskanian,2025-10-09,21:14:08,-07:00,2025-10-09T21:14:08-07:00,0,35
style.css,53,css,e955c11e,Artien Voskanian,2025-10-09,21:14:08,-07:00,2025-10-09T21:14:08-07:00,1,15
style.css,54,css,e955c11e,Artien Voskanian,2025-10-09,21:14:08,-07:00,2025-10-09T21:14:08-07:00,1,26
style.css,55,css,e955c11e,Artien Voskanian,2025-10-09,21:14:08,-07:00,2025-10-09T21:14:08-07:00,0,0
style.css,56,css,e955c11e,Artien Voskanian,2025-10-09,21:14:08,-07:00,2025-10-09T21:14:08-07:00,0,0
style.css,57,css,e955c11e,Artien Voskanian,2025-10-09,21:14:08,-07:00,2025-10-09T21:14:08-07:00,0,15
style.css,58,css,e955c11e,Artien Voskanian,2025-10-09,21:14:08,-07:00,2025-10-09T21:14:08-07:00,0,32
style.css,59,css,e955c11e,Artien Voskanian,2025-10-09,21:14:08,-07:00,2025-10-09T21:14:08-07:00,0,41
style.css,60,css,e955c11e,Artien Voskanian,2025-10-09,21:14:08,-07:00,2025-10-09T21:14:08-07:00,1,56
style.css,61,css,e955c11e,Artien Voskanian,2025-10-09,21:14:08,-07:00,2025-10-09T21:14:08-07:00,1,12
style.css,62,css,e955c11e,Artien Voskanian,2025-10-09,21:14:08,-07:00,2025-10-09T21:14:08-07:00,1,64
style.css,63,css,e955c11e,Artien Voskanian,2025-10-09,21:14:08,-07:00,2025-10-09T21:14:08-07:00,0,0
style.css,64,css,e955c11e,Artien Voskanian,2025-10-09,21:14:08,-07:00,2025-10-09T21:14:08-07:00,0,0
style.css,65,css,e955c11e,Artien Voskanian,2025-10-09,21:14:08,-07:00,2025-10-09T21:14:08-07:00,0,60
style.css,66,css,e955c11e,Artien Voskanian,2025-10-09,21:14:08,-07:00,2025-10-09T21:14:08-07:00,0,61
style.css,67,css,e955c11e,Artien Voskanian,2025-10-09,21:14:08,-07:00,2025-10-09T21:14:08-07:00,1,32
style.css,68,css,e955c11e,Artien Voskanian,2025-10-09,21:14:08,-07:00,2025-10-09T21:14:08-07:00,1,41
style.css,69,css,e955c11e,Artien Voskanian,2025-10-09,21:14:08,-07:00,2025-10-09T21:14:08-07:00,2,60
style.css,70,css,e955c11e,Artien Voskanian,2025-10-09,21:14:08,-07:00,2025-10-09T21:14:08-07:00,2,36
style.css,71,css,e955c11e,Artien Voskanian,2025-10-09,21:14:08,-07:00,2025-10-09T21:14:08-07:00,1,0
style.css,72,css,e955c11e,Artien Voskanian,2025-10-09,21:14:08,-07:00,2025-10-09T21:14:08-07:00,0,0
style.css,73,css,e955c11e,Artien Voskanian,2025-10-09,21:14:08,-07:00,2025-10-09T21:14:08-07:00,0,0
style.css,74,css,e955c11e,Artien Voskanian,2025-10-09,21:14:08,-07:00,2025-10-09T21:14:08-07:00,0,26
style.css,75,css,e955c11e,Artien Voskanian,2025-10-09,21:14:08,-07:00,2025-10-09T21:14:08-07:00,0,46
style.css,76,css,e955c11e,Artien Voskanian,2025-10-09,21:14:08,-07:00,2025-10-09T21:14:08-07:00,1,27
style.css,77,css,e955c11e,Artien Voskanian,2025-10-09,21:14:08,-07:00,2025-10-09T21:14:08-07:00,2,47
style.css,78,css,e955c11e,Artien Voskanian,2025-10-09,21:14:08,-07:00,2025-10-09T21:14:08-07:00,1,0
style.css,79,css,e955c11e,Artien Voskanian,2025-10-09,21:14:08,-07:00,2025-10-09T21:14:08-07:00,0,0
style.css,80,css,e955c11e,Artien Voskanian,2025-10-09,21:14:08,-07:00,2025-10-09T21:14:08-07:00,0,0
style.css,81,css,e955c11e,Artien Voskanian,2025-10-09,21:14:08,-07:00,2025-10-09T21:14:08-07:00,0,26
style.css,82,css,e955c11e,Artien Voskanian,2025-10-09,21:14:08,-07:00,2025-10-09T21:14:08-07:00,0,5
style.css,83,css,e955c11e,Artien Voskanian,2025-10-09,21:14:08,-07:00,2025-10-09T21:14:08-07:00,1,19
style.css,84,css,e955c11e,Artien Voskanian,2025-10-09,21:14:08,-07:00,2025-10-09T21:14:08-07:00,1,15
style.css,85,css,e955c11e,Artien Voskanian,2025-10-09,21:14:08,-07:00,2025-10-09T21:14:08-07:00,0,0
style.css,86,css,e955c11e,Artien Voskanian,2025-10-09,21:14:08,-07:00,2025-10-09T21:14:08-07:00,0,0
style.css,87,css,e955c11e,Artien Voskanian,2025-10-09,21:14:08,-07:00,2025-10-09T21:14:08-07:00,0,0
style.css,88,css,e955c11e,Artien Voskanian,2025-10-09,21:14:08,-07:00,2025-10-09T21:14:08-07:00,0,44
style.css,89,css,e955c11e,Artien Voskanian,2025-10-09,21:14:08,-07:00,2025-10-09T21:14:08-07:00,0,13
style.css,90,css,e955c11e,Artien Voskanian,2025-10-09,21:14:08,-07:00,2025-10-09T21:14:08-07:00,1,12
style.css,91,css,e955c11e,Artien Voskanian,2025-10-09,21:14:08,-07:00,2025-10-09T21:14:08-07:00,1,68
style.css,92,css,e955c11e,Artien Voskanian,2025-10-09,21:14:08,-07:00,2025-10-09T21:14:08-07:00,1,59
style.css,93,css,e955c11e,Artien Voskanian,2025-10-09,21:14:08,-07:00,2025-10-09T21:14:08-07:00,1,17
style.css,94,css,e955c11e,Artien Voskanian,2025-10-09,21:14:08,-07:00,2025-10-09T21:14:08-07:00,1,87
style.css,95,css,e955c11e,Artien Voskanian,2025-10-09,21:14:08,-07:00,2025-10-09T21:14:08-07:00,0,0
style.css,96,css,e955c11e,Artien Voskanian,2025-10-09,21:14:08,-07:00,2025-10-09T21:14:08-07:00,0,0
style.css,97,css,e955c11e,Artien Voskanian,2025-10-09,21:14:08,-07:00,2025-10-09T21:14:08-07:00,0,40
style.css,98,css,e955c11e,Artien Voskanian,2025-10-09,21:14:08,-07:00,2025-10-09T21:14:08-07:00,0,20
style.css,99,css,e955c11e,Artien Voskanian,2025-10-09,21:14:08,-07:00,2025-10-09T21:14:08-07:00,1,97
style.css,100,css,e955c11e,Artien Voskanian,2025-10-09,21:14:08,-07:00,2025-10-09T21:14:08-07:00,0,0
style.css,101,css,e955c11e,Artien Voskanian,2025-10-09,21:14:08,-07:00,2025-10-09T21:14:08-07:00,0,0
style.css,102,css,e955c11e,Artien Voskanian,2025-10-09,21:14:08,-07:00,2025-10-09T21:14:08-07:00,0,46
style.css,103,css,e955c11e,Artien Voskanian,2025-10-09,21:14:08,-07:00,2025-10-09T21:14:08-07:00,0,27
style.css,104,css,e955c11e,Artien Voskanian,2025-10-09,21:14:08,-07:00,2025-10-09T21:14:08-07:00,1,13
style.css,105,css,e955c11e,Artien Voskanian,2025-10-09,21:14:08,-07:00,2025-10-09T21:14:08-07:00,1,17
style.css,106,css,e955c11e,Artien Voskanian,2025-10-09,21:14:08,-07:00,2025-10-09T21:14:08-07:00,1,18
style.css,107,css,e955c11e,Artien Voskanian,2025-10-09,21:14:08,-07:00,2025-10-09T21:14:08-07:00,1,15
style.css,108,css,e955c11e,Artien Voskanian,2025-10-09,21:14:08,-07:00,2025-10-09T21:14:08-07:00,0,0
style.css,109,css,e955c11e,Artien Voskanian,2025-10-09,21:14:08,-07:00,2025-10-09T21:14:08-07:00,0,0
style.css,110,css,e955c11e,Artien Voskanian,2025-10-09,21:14:08,-07:00,2025-10-09T21:14:08-07:00,0,40
style.css,111,css,e955c11e,Artien Voskanian,2025-10-09,21:14:08,-07:00,2025-10-09T21:14:08-07:00,0,18
style.css,112,css,e955c11e,Artien Voskanian,2025-10-09,21:14:08,-07:00,2025-10-09T21:14:08-07:00,0,21
style.css,113,css,e955c11e,Artien Voskanian,2025-10-09,21:14:08,-07:00,2025-10-09T21:14:08-07:00,0,20
style.css,114,css,e955c11e,Artien Voskanian,2025-10-09,21:14:08,-07:00,2025-10-09T21:14:08-07:00,1,13
style.css,115,css,e955c11e,Artien Voskanian,2025-10-09,21:14:08,-07:00,2025-10-09T21:14:08-07:00,1,61
style.css,116,css,e955c11e,Artien Voskanian,2025-10-09,21:14:08,-07:00,2025-10-09T21:14:08-07:00,1,13
style.css,117,css,e955c11e,Artien Voskanian,2025-10-09,21:14:08,-07:00,2025-10-09T21:14:08-07:00,1,16
style.css,118,css,e955c11e,Artien Voskanian,2025-10-09,21:14:08,-07:00,2025-10-09T21:14:08-07:00,1,10
style.css,119,css,e955c11e,Artien Voskanian,2025-10-09,21:14:08,-07:00,2025-10-09T21:14:08-07:00,1,21
style.css,120,css,e955c11e,Artien Voskanian,2025-10-09,21:14:08,-07:00,2025-10-09T21:14:08-07:00,1,21
style.css,121,css,e955c11e,Artien Voskanian,2025-10-09,21:14:08,-07:00,2025-10-09T21:14:08-07:00,1,26
style.css,122,css,e955c11e,Artien Voskanian,2025-10-09,21:14:08,-07:00,2025-10-09T21:14:08-07:00,1,20
style.css,123,css,e955c11e,Artien Voskanian,2025-10-09,21:14:08,-07:00,2025-10-09T21:14:08-07:00,0,0
style.css,124,css,e955c11e,Artien Voskanian,2025-10-09,21:14:08,-07:00,2025-10-09T21:14:08-07:00,0,0
style.css,125,css,e955c11e,Artien Voskanian,2025-10-09,21:14:08,-07:00,2025-10-09T21:14:08-07:00,0,53
style.css,126,css,e955c11e,Artien Voskanian,2025-10-09,21:14:08,-07:00,2025-10-09T21:14:08-07:00,0,22
style.css,127,css,e955c11e,Artien Voskanian,2025-10-09,21:14:08,-07:00,2025-10-09T21:14:08-07:00,0,26
style.css,128,css,e955c11e,Artien Voskanian,2025-10-09,21:14:08,-07:00,2025-10-09T21:14:08-07:00,1,18
style.css,129,css,e955c11e,Artien Voskanian,2025-10-09,21:14:08,-07:00,2025-10-09T21:14:08-07:00,0,0
style.css,130,css,e955c11e,Artien Voskanian,2025-10-09,21:14:08,-07:00,2025-10-09T21:14:08-07:00,0,0
style.css,131,css,e955c11e,Artien Voskanian,2025-10-09,21:14:08,-07:00,2025-10-09T21:14:08-07:00,0,50
style.css,132,css,e955c11e,Artien Voskanian,2025-10-09,21:14:08,-07:00,2025-10-09T21:14:08-07:00,0,21
style.css,133,css,e955c11e,Artien Voskanian,2025-10-09,21:14:08,-07:00,2025-10-09T21:14:08-07:00,1,56
style.css,134,css,e955c11e,Artien Voskanian,2025-10-09,21:14:08,-07:00,2025-10-09T21:14:08-07:00,1,49
style.css,135,css,e955c11e,Artien Voskanian,2025-10-09,21:14:08,-07:00,2025-10-09T21:14:08-07:00,1,12
style.css,136,css,e955c11e,Artien Voskanian,2025-10-09,21:14:08,-07:00,2025-10-09T21:14:08-07:00,1,19
style.css,137,css,e955c11e,Artien Voskanian,2025-10-09,21:14:08,-07:00,2025-10-09T21:14:08-07:00,1,20
style.css,138,css,e955c11e,Artien Voskanian,2025-10-09,21:14:08,-07:00,2025-10-09T21:14:08-07:00,1,28
style.css,139,css,e955c11e,Artien Voskanian,2025-10-09,21:14:08,-07:00,2025-10-09T21:14:08-07:00,1,14
style.css,140,css,e955c11e,Artien Voskanian,2025-10-09,21:14:08,-07:00,2025-10-09T21:14:08-07:00,1,33
style.css,141,css,e955c11e,Artien Voskanian,2025-10-09,21:14:08,-07:00,2025-10-09T21:14:08-07:00,1,11
style.css,142,css,e955c11e,Artien Voskanian,2025-10-09,21:14:08,-07:00,2025-10-09T21:14:08-07:00,0,0
style.css,143,css,e955c11e,Artien Voskanian,2025-10-09,21:14:08,-07:00,2025-10-09T21:14:08-07:00,0,0
style.css,144,css,e955c11e,Artien Voskanian,2025-10-09,21:14:08,-07:00,2025-10-09T21:14:08-07:00,0,34
style.css,145,css,e955c11e,Artien Voskanian,2025-10-09,21:14:08,-07:00,2025-10-09T21:14:08-07:00,0,32
style.css,146,css,e955c11e,Artien Voskanian,2025-10-09,21:14:08,-07:00,2025-10-09T21:14:08-07:00,0,35
style.css,147,css,e955c11e,Artien Voskanian,2025-10-09,21:14:08,-07:00,2025-10-09T21:14:08-07:00,0,33
style.css,148,css,e955c11e,Artien Voskanian,2025-10-09,21:14:08,-07:00,2025-10-09T21:14:08-07:00,0,35
style.css,149,css,e955c11e,Artien Voskanian,2025-10-09,21:14:08,-07:00,2025-10-09T21:14:08-07:00,1,12
style.css,150,css,e955c11e,Artien Voskanian,2025-10-09,21:14:08,-07:00,2025-10-09T21:14:08-07:00,1,35
style.css,151,css,e955c11e,Artien Voskanian,2025-10-09,21:14:08,-07:00,2025-10-09T21:14:08-07:00,1,75
style.css,152,css,e955c11e,Artien Voskanian,2025-10-09,21:14:08,-07:00,2025-10-09T21:14:08-07:00,0,0
style.css,153,css,e955c11e,Artien Voskanian,2025-10-09,21:14:08,-07:00,2025-10-09T21:14:08-07:00,0,0
style.css,154,css,e955c11e,Artien Voskanian,2025-10-09,21:14:08,-07:00,2025-10-09T21:14:08-07:00,0,16
style.css,155,css,e955c11e,Artien Voskanian,2025-10-09,21:14:08,-07:00,2025-10-09T21:14:08-07:00,0,27
style.css,156,css,e955c11e,Artien Voskanian,2025-10-09,21:14:08,-07:00,2025-10-09T21:14:08-07:00,1,23
style.css,157,css,e955c11e,Artien Voskanian,2025-10-09,21:14:08,-07:00,2025-10-09T21:14:08-07:00,0,0
style.css,158,css,e955c11e,Artien Voskanian,2025-10-09,21:14:08,-07:00,2025-10-09T21:14:08-07:00,0,0
style.css,159,css,e955c11e,Artien Voskanian,2025-10-09,21:14:08,-07:00,2025-10-09T21:14:08-07:00,0,34
style.css,160,css,e955c11e,Artien Voskanian,2025-10-09,21:14:08,-07:00,2025-10-09T21:14:08-07:00,0,25
style.css,161,css,e955c11e,Artien Voskanian,2025-10-09,21:14:08,-07:00,2025-10-09T21:14:08-07:00,1,13
style.css,162,css,e955c11e,Artien Voskanian,2025-10-09,21:14:08,-07:00,2025-10-09T21:14:08-07:00,2,47
style.css,163,css,e955c11e,Artien Voskanian,2025-10-09,21:14:08,-07:00,2025-10-09T21:14:08-07:00,1,0
style.css,164,css,e955c11e,Artien Voskanian,2025-10-09,21:14:08,-07:00,2025-10-09T21:14:08-07:00,1,26
style.css,165,css,e955c11e,Artien Voskanian,2025-10-09,21:14:08,-07:00,2025-10-09T21:14:08-07:00,1,18
style.css,166,css,e955c11e,Artien Voskanian,2025-10-09,21:14:08,-07:00,2025-10-09T21:14:08-07:00,1,21
style.css,167,css,e955c11e,Artien Voskanian,2025-10-09,21:14:08,-07:00,2025-10-09T21:14:08-07:00,1,20
style.css,168,css,e955c11e,Artien Voskanian,2025-10-09,21:14:08,-07:00,2025-10-09T21:14:08-07:00,2,13
style.css,169,css,e955c11e,Artien Voskanian,2025-10-09,21:14:08,-07:00,2025-10-09T21:14:08-07:00,1,0
style.css,170,css,e955c11e,Artien Voskanian,2025-10-09,21:14:08,-07:00,2025-10-09T21:14:08-07:00,0,0
style.css,171,css,e955c11e,Artien Voskanian,2025-10-09,21:14:08,-07:00,2025-10-09T21:14:08-07:00,0,0
style.css,172,css,e955c11e,Artien Voskanian,2025-10-09,21:14:08,-07:00,2025-10-09T21:14:08-07:00,0,0
style.css,173,css,e955c11e,Artien Voskanian,2025-10-09,21:14:08,-07:00,2025-10-09T21:14:08-07:00,0,59
style.css,174,css,e955c11e,Artien Voskanian,2025-10-09,21:14:08,-07:00,2025-10-09T21:14:08-07:00,0,16
style.css,175,css,e955c11e,Artien Voskanian,2025-10-09,21:14:08,-07:00,2025-10-09T21:14:08-07:00,1,28
style.css,176,css,e955c11e,Artien Voskanian,2025-10-09,21:14:08,-07:00,2025-10-09T21:14:08-07:00,1,22
style.css,177,css,e955c11e,Artien Voskanian,2025-10-09,21:14:08,-07:00,2025-10-09T21:14:08-07:00,1,23
style.css,178,css,e955c11e,Artien Voskanian,2025-10-09,21:14:08,-07:00,2025-10-09T21:14:08-07:00,1,36
style.css,179,css,e955c11e,Artien Voskanian,2025-10-09,21:14:08,-07:00,2025-10-09T21:14:08-07:00,1,29
style.css,180,css,e955c11e,Artien Voskanian,2025-10-09,21:14:08,-07:00,2025-10-09T21:14:08-07:00,0,0
style.css,181,css,e955c11e,Artien Voskanian,2025-10-09,21:14:08,-07:00,2025-10-09T21:14:08-07:00,0,0
style.css,182,css,e955c11e,Artien Voskanian,2025-10-09,21:14:08,-07:00,2025-10-09T21:14:08-07:00,0,17
style.css,183,css,e955c11e,Artien Voskanian,2025-10-09,21:14:08,-07:00,2025-10-09T21:14:08-07:00,0,9
style.css,184,css,e955c11e,Artien Voskanian,2025-10-09,21:14:08,-07:00,2025-10-09T21:14:08-07:00,1,62
style.css,185,css,e955c11e,Artien Voskanian,2025-10-09,21:14:08,-07:00,2025-10-09T21:14:08-07:00,1,12
style.css,186,css,e955c11e,Artien Voskanian,2025-10-09,21:14:08,-07:00,2025-10-09T21:14:08-07:00,1,58
style.css,187,css,e955c11e,Artien Voskanian,2025-10-09,21:14:08,-07:00,2025-10-09T21:14:08-07:00,1,8
style.css,188,css,e955c11e,Artien Voskanian,2025-10-09,21:14:08,-07:00,2025-10-09T21:14:08-07:00,1,59
style.css,189,css,e955c11e,Artien Voskanian,2025-10-09,21:14:08,-07:00,2025-10-09T21:14:08-07:00,0,0
style.css,190,css,e955c11e,Artien Voskanian,2025-10-09,21:14:08,-07:00,2025-10-09T21:14:08-07:00,0,0
style.css,191,css,e955c11e,Artien Voskanian,2025-10-09,21:14:08,-07:00,2025-10-09T21:14:08-07:00,0,8
style.css,192,css,e955c11e,Artien Voskanian,2025-10-09,21:14:08,-07:00,2025-10-09T21:14:08-07:00,0,8
style.css,193,css,e955c11e,Artien Voskanian,2025-10-09,21:14:08,-07:00,2025-10-09T21:14:08-07:00,1,12
style.css,194,css,e955c11e,Artien Voskanian,2025-10-09,21:14:08,-07:00,2025-10-09T21:14:08-07:00,1,62
style.css,195,css,e955c11e,Artien Voskanian,2025-10-09,21:14:08,-07:00,2025-10-09T21:14:08-07:00,1,32
style.css,196,css,e955c11e,Artien Voskanian,2025-10-09,21:14:08,-07:00,2025-10-09T21:14:08-07:00,1,11
style.css,197,css,e955c11e,Artien Voskanian,2025-10-09,21:14:08,-07:00,2025-10-09T21:14:08-07:00,1,12
style.css,198,css,e955c11e,Artien Voskanian,2025-10-09,21:14:08,-07:00,2025-10-09T21:14:08-07:00,1,24
style.css,199,css,e955c11e,Artien Voskanian,2025-10-09,21:14:08,-07:00,2025-10-09T21:14:08-07:00,1,21
style.css,200,css,e955c11e,Artien Voskanian,2025-10-09,21:14:08,-07:00,2025-10-09T21:14:08-07:00,1,15
style.css,201,css,e955c11e,Artien Voskanian,2025-10-09,21:14:08,-07:00,2025-10-09T21:14:08-07:00,0,0
style.css,202,css,e955c11e,Artien Voskanian,2025-10-09,21:14:08,-07:00,2025-10-09T21:14:08-07:00,0,0
style.css,203,css,e955c11e,Artien Voskanian,2025-10-09,21:14:08,-07:00,2025-10-09T21:14:08-07:00,0,37
style.css,204,css,e955c11e,Artien Voskanian,2025-10-09,21:14:08,-07:00,2025-10-09T21:14:08-07:00,0,14
style.css,205,css,e955c11e,Artien Voskanian,2025-10-09,21:14:08,-07:00,2025-10-09T21:14:08-07:00,1,10
style.css,206,css,e955c11e,Artien Voskanian,2025-10-09,21:14:08,-07:00,2025-10-09T21:14:08-07:00,1,11
style.css,207,css,e955c11e,Artien Voskanian,2025-10-09,21:14:08,-07:00,2025-10-09T21:14:08-07:00,1,20
style.css,208,css,e955c11e,Artien Voskanian,2025-10-09,21:14:08,-07:00,2025-10-09T21:14:08-07:00,1,16
style.css,209,css,e955c11e,Artien Voskanian,2025-10-09,21:14:08,-07:00,2025-10-09T21:14:08-07:00,1,67
style.css,210,css,e955c11e,Artien Voskanian,2025-10-09,21:14:08,-07:00,2025-10-09T21:14:08-07:00,0,0
style.css,211,css,e955c11e,Artien Voskanian,2025-10-09,21:14:08,-07:00,2025-10-09T21:14:08-07:00,0,0
style.css,212,css,e955c11e,Artien Voskanian,2025-10-09,21:14:08,-07:00,2025-10-09T21:14:08-07:00,0,22
style.css,213,css,e955c11e,Artien Voskanian,2025-10-09,21:14:08,-07:00,2025-10-09T21:14:08-07:00,0,15
style.css,214,css,e955c11e,Artien Voskanian,2025-10-09,21:14:08,-07:00,2025-10-09T21:14:08-07:00,1,12
style.css,215,css,e955c11e,Artien Voskanian,2025-10-09,21:14:08,-07:00,2025-10-09T21:14:08-07:00,1,11
style.css,216,css,e955c11e,Artien Voskanian,2025-10-09,21:14:08,-07:00,2025-10-09T21:14:08-07:00,0,0
style.css,217,css,e955c11e,Artien Voskanian,2025-10-09,21:14:08,-07:00,2025-10-09T21:14:08-07:00,0,0
style.css,218,css,e955c11e,Artien Voskanian,2025-10-09,21:14:08,-07:00,2025-10-09T21:14:08-07:00,0,18
style.css,219,css,e955c11e,Artien Voskanian,2025-10-09,21:14:08,-07:00,2025-10-09T21:14:08-07:00,0,11
style.css,220,css,e955c11e,Artien Voskanian,2025-10-09,21:14:08,-07:00,2025-10-09T21:14:08-07:00,1,8
style.css,221,css,e955c11e,Artien Voskanian,2025-10-09,21:14:08,-07:00,2025-10-09T21:14:08-07:00,1,17
style.css,222,css,e955c11e,Artien Voskanian,2025-10-09,21:14:08,-07:00,2025-10-09T21:14:08-07:00,1,16
style.css,223,css,e955c11e,Artien Voskanian,2025-10-09,21:14:08,-07:00,2025-10-09T21:14:08-07:00,0,0
style.css,224,css,e955c11e,Artien Voskanian,2025-10-09,21:14:08,-07:00,2025-10-09T21:14:08-07:00,0,13
style.css,225,css,e955c11e,Artien Voskanian,2025-10-09,21:14:08,-07:00,2025-10-09T21:14:08-07:00,1,20
style.css,226,css,e955c11e,Artien Voskanian,2025-10-09,21:14:08,-07:00,2025-10-09T21:14:08-07:00,1,13
style.css,227,css,e955c11e,Artien Voskanian,2025-10-09,21:14:08,-07:00,2025-10-09T21:14:08-07:00,0,0
style.css,228,css,e955c11e,Artien Voskanian,2025-10-09,21:14:08,-07:00,2025-10-09T21:14:08-07:00,0,18
style.css,229,css,e955c11e,Artien Voskanian,2025-10-09,21:14:08,-07:00,2025-10-09T21:14:08-07:00,0,27
style.css,230,css,e955c11e,Artien Voskanian,2025-10-09,21:14:08,-07:00,2025-10-09T21:14:08-07:00,1,25
style.css,231,css,e955c11e,Artien Voskanian,2025-10-09,21:14:08,-07:00,2025-10-09T21:14:08-07:00,0,0
style.css,232,css,e955c11e,Artien Voskanian,2025-10-09,21:14:08,-07:00,2025-10-09T21:14:08-07:00,0,0
style.css,233,css,e955c11e,Artien Voskanian,2025-10-09,21:14:08,-07:00,2025-10-09T21:14:08-07:00,0,35
style.css,234,css,e955c11e,Artien Voskanian,2025-10-09,21:14:08,-07:00,2025-10-09T21:14:08-07:00,0,14
style.css,235,css,e955c11e,Artien Voskanian,2025-10-09,21:14:08,-07:00,2025-10-09T21:14:08-07:00,1,8
style.css,236,css,e955c11e,Artien Voskanian,2025-10-09,21:14:08,-07:00,2025-10-09T21:14:08-07:00,1,28
style.css,237,css,e955c11e,Artien Voskanian,2025-10-09,21:14:08,-07:00,2025-10-09T21:14:08-07:00,1,16
style.css,238,css,e955c11e,Artien Voskanian,2025-10-09,21:14:08,-07:00,2025-10-09T21:14:08-07:00,0,0
style.css,239,css,e955c11e,Artien Voskanian,2025-10-09,21:14:08,-07:00,2025-10-09T21:14:08-07:00,0,0
style.css,240,css,e955c11e,Artien Voskanian,2025-10-09,21:14:08,-07:00,2025-10-09T21:14:08-07:00,0,66
style.css,241,css,e955c11e,Artien Voskanian,2025-10-09,21:14:08,-07:00,2025-10-09T21:14:08-07:00,0,17
style.css,242,css,e955c11e,Artien Voskanian,2025-10-09,21:14:08,-07:00,2025-10-09T21:14:08-07:00,1,8
style.css,243,css,e955c11e,Artien Voskanian,2025-10-09,21:14:08,-07:00,2025-10-09T21:14:08-07:00,0,0
style.css,244,css,e955c11e,Artien Voskanian,2025-10-09,21:14:08,-07:00,2025-10-09T21:14:08-07:00,0,0
style.css,245,css,e955c11e,Artien Voskanian,2025-10-09,21:14:08,-07:00,2025-10-09T21:14:08-07:00,0,48
style.css,246,css,e955c11e,Artien Voskanian,2025-10-09,21:14:08,-07:00,2025-10-09T21:14:08-07:00,0,13
style.css,247,css,e955c11e,Artien Voskanian,2025-10-09,21:14:08,-07:00,2025-10-09T21:14:08-07:00,1,18
style.css,248,css,e955c11e,Artien Voskanian,2025-10-09,21:14:08,-07:00,2025-10-09T21:14:08-07:00,1,20
style.css,249,css,e955c11e,Artien Voskanian,2025-10-09,21:14:08,-07:00,2025-10-09T21:14:08-07:00,1,15
style.css,250,css,e955c11e,Artien Voskanian,2025-10-09,21:14:08,-07:00,2025-10-09T21:14:08-07:00,1,22
style.css,251,css,e955c11e,Artien Voskanian,2025-10-09,21:14:08,-07:00,2025-10-09T21:14:08-07:00,1,20
style.css,252,css,e955c11e,Artien Voskanian,2025-10-09,21:14:08,-07:00,2025-10-09T21:14:08-07:00,1,28
style.css,253,css,e955c11e,Artien Voskanian,2025-10-09,21:14:08,-07:00,2025-10-09T21:14:08-07:00,1,33
style.css,254,css,e955c11e,Artien Voskanian,2025-10-09,21:14:08,-07:00,2025-10-09T21:14:08-07:00,1,10
style.css,255,css,e955c11e,Artien Voskanian,2025-10-09,21:14:08,-07:00,2025-10-09T21:14:08-07:00,0,0
style.css,256,css,e955c11e,Artien Voskanian,2025-10-09,21:14:08,-07:00,2025-10-09T21:14:08-07:00,0,18
style.css,257,css,e955c11e,Artien Voskanian,2025-10-09,21:14:08,-07:00,2025-10-09T21:14:08-07:00,0,27
style.css,258,css,e955c11e,Artien Voskanian,2025-10-09,21:14:08,-07:00,2025-10-09T21:14:08-07:00,1,12
style.css,259,css,e955c11e,Artien Voskanian,2025-10-09,21:14:08,-07:00,2025-10-09T21:14:08-07:00,1,23
style.css,260,css,e955c11e,Artien Voskanian,2025-10-09,21:14:08,-07:00,2025-10-09T21:14:08-07:00,0,0
style.css,261,css,e955c11e,Artien Voskanian,2025-10-09,21:14:08,-07:00,2025-10-09T21:14:08-07:00,0,0
style.css,262,css,e955c11e,Artien Voskanian,2025-10-09,21:14:08,-07:00,2025-10-09T21:14:08-07:00,0,40
style.css,263,css,e955c11e,Artien Voskanian,2025-10-09,21:14:08,-07:00,2025-10-09T21:14:08-07:00,0,46
style.css,264,css,e955c11e,Artien Voskanian,2025-10-09,21:14:08,-07:00,2025-10-09T21:14:08-07:00,1,8
style.css,265,css,e955c11e,Artien Voskanian,2025-10-09,21:14:08,-07:00,2025-10-09T21:14:08-07:00,2,44
style.css,266,css,e955c11e,Artien Voskanian,2025-10-09,21:14:08,-07:00,2025-10-09T21:14:08-07:00,1,0
style.css,267,css,e955c11e,Artien Voskanian,2025-10-09,21:14:08,-07:00,2025-10-09T21:14:08-07:00,1,14
style.css,268,css,e955c11e,Artien Voskanian,2025-10-09,21:14:08,-07:00,2025-10-09T21:14:08-07:00,2,38
style.css,269,css,e955c11e,Artien Voskanian,2025-10-09,21:14:08,-07:00,2025-10-09T21:14:08-07:00,2,26
style.css,270,css,e955c11e,Artien Voskanian,2025-10-09,21:14:08,-07:00,2025-10-09T21:14:08-07:00,1,0
style.css,271,css,e955c11e,Artien Voskanian,2025-10-09,21:14:08,-07:00,2025-10-09T21:14:08-07:00,0,0
style.css,272,css,e955c11e,Artien Voskanian,2025-10-09,21:14:08,-07:00,2025-10-09T21:14:08-07:00,0,0
style.css,273,css,e955c11e,Artien Voskanian,2025-10-09,21:14:08,-07:00,2025-10-09T21:14:08-07:00,0,59
style.css,274,css,e955c11e,Artien Voskanian,2025-10-09,21:14:08,-07:00,2025-10-09T21:14:08-07:00,0,0
style.css,275,css,e955c11e,Artien Voskanian,2025-10-09,21:14:08,-07:00,2025-10-09T21:14:08-07:00,0,26
style.css,276,css,e955c11e,Artien Voskanian,2025-10-09,21:14:08,-07:00,2025-10-09T21:14:08-07:00,0,32
style.css,277,css,e955c11e,Artien Voskanian,2025-10-09,21:14:08,-07:00,2025-10-09T21:14:08-07:00,0,0
style.css,278,css,e955c11e,Artien Voskanian,2025-10-09,21:14:08,-07:00,2025-10-09T21:14:08-07:00,0,79
style.css,279,css,e955c11e,Artien Voskanian,2025-10-09,21:14:08,-07:00,2025-10-09T21:14:08-07:00,0,39
style.css,280,css,e955c11e,Artien Voskanian,2025-10-09,21:14:08,-07:00,2025-10-09T21:14:08-07:00,1,8
style.css,281,css,e955c11e,Artien Voskanian,2025-10-09,21:14:08,-07:00,2025-10-09T21:14:08-07:00,2,12
style.css,282,css,e955c11e,Artien Voskanian,2025-10-09,21:14:08,-07:00,2025-10-09T21:14:08-07:00,2,62
style.css,283,css,e955c11e,Artien Voskanian,2025-10-09,21:14:08,-07:00,2025-10-09T21:14:08-07:00,1,0
style.css,284,css,e955c11e,Artien Voskanian,2025-10-09,21:14:08,-07:00,2025-10-09T21:14:08-07:00,0,0
style.css,285,css,e955c11e,Artien Voskanian,2025-10-09,21:14:08,-07:00,2025-10-09T21:14:08-07:00,0,0
style.css,286,css,e955c11e,Artien Voskanian,2025-10-09,21:14:08,-07:00,2025-10-09T21:14:08-07:00,0,44
style.css,287,css,e955c11e,Artien Voskanian,2025-10-09,21:14:08,-07:00,2025-10-09T21:14:08-07:00,0,4
style.css,288,css,e955c11e,Artien Voskanian,2025-10-09,21:14:08,-07:00,2025-10-09T21:14:08-07:00,1,12
style.css,289,css,e955c11e,Artien Voskanian,2025-10-09,21:14:08,-07:00,2025-10-09T21:14:08-07:00,1,53
style.css,290,css,e955c11e,Artien Voskanian,2025-10-09,21:14:08,-07:00,2025-10-09T21:14:08-07:00,0,0
style.css,291,css,e955c11e,Artien Voskanian,2025-10-09,21:14:08,-07:00,2025-10-09T21:14:08-07:00,0,0
style.css,292,css,e955c11e,Artien Voskanian,2025-10-09,21:14:08,-07:00,2025-10-09T21:14:08-07:00,0,10
style.css,293,css,e955c11e,Artien Voskanian,2025-10-09,21:14:08,-07:00,2025-10-09T21:14:08-07:00,1,15
style.css,294,css,e955c11e,Artien Voskanian,2025-10-09,21:14:08,-07:00,2025-10-09T21:14:08-07:00,1,8
style.css,295,css,e955c11e,Artien Voskanian,2025-10-09,21:14:08,-07:00,2025-10-09T21:14:08-07:00,0,0
style.css,296,css,e955c11e,Artien Voskanian,2025-10-09,21:14:08,-07:00,2025-10-09T21:14:08-07:00,0,0
style.css,297,css,e955c11e,Artien Voskanian,2025-10-09,21:14:08,-07:00,2025-10-09T21:14:08-07:00,0,53
style.css,298,css,e955c11e,Artien Voskanian,2025-10-09,21:14:08,-07:00,2025-10-09T21:14:08-07:00,0,42
style.css,299,css,e955c11e,Artien Voskanian,2025-10-09,21:14:08,-07:00,2025-10-09T21:14:08-07:00,0,24
style.css,300,css,e955c11e,Artien Voskanian,2025-10-09,21:14:08,-07:00,2025-10-09T21:14:08-07:00,0,0
style.css,301,css,e955c11e,Artien Voskanian,2025-10-09,21:14:08,-07:00,2025-10-09T21:14:08-07:00,0,29
style.css,302,css,e955c11e,Artien Voskanian,2025-10-09,21:14:08,-07:00,2025-10-09T21:14:08-07:00,0,39
style.css,303,css,e955c11e,Artien Voskanian,2025-10-09,21:14:08,-07:00,2025-10-09T21:14:08-07:00,0,27
style.css,304,css,e955c11e,Artien Voskanian,2025-10-09,21:14:08,-07:00,2025-10-09T21:14:08-07:00,0,0
style.css,305,css,e955c11e,Artien Voskanian,2025-10-09,21:14:08,-07:00,2025-10-09T21:14:08-07:00,0,19
style.css,306,css,e955c11e,Artien Voskanian,2025-10-09,21:14:08,-07:00,2025-10-09T21:14:08-07:00,0,14
style.css,307,css,e955c11e,Artien Voskanian,2025-10-09,21:14:08,-07:00,2025-10-09T21:14:08-07:00,1,29
style.css,308,css,e955c11e,Artien Voskanian,2025-10-09,21:14:08,-07:00,2025-10-09T21:14:08-07:00,1,25
style.css,309,css,e955c11e,Artien Voskanian,2025-10-09,21:14:08,-07:00,2025-10-09T21:14:08-07:00,0,0
style.css,310,css,e955c11e,Artien Voskanian,2025-10-09,21:14:08,-07:00,2025-10-09T21:14:08-07:00,0,28
style.css,311,css,e955c11e,Artien Voskanian,2025-10-09,21:14:08,-07:00,2025-10-09T21:14:08-07:00,1,15
style.css,312,css,e955c11e,Artien Voskanian,2025-10-09,21:14:08,-07:00,2025-10-09T21:14:08-07:00,1,13
style.css,313,css,e955c11e,Artien Voskanian,2025-10-09,21:14:08,-07:00,2025-10-09T21:14:08-07:00,0,0
style.css,314,css,e955c11e,Artien Voskanian,2025-10-09,21:14:08,-07:00,2025-10-09T21:14:08-07:00,0,0
style.css,315,css,e955c11e,Artien Voskanian,2025-10-09,21:14:08,-07:00,2025-10-09T21:14:08-07:00,0,24
style.css,316,css,e955c11e,Artien Voskanian,2025-10-09,21:14:08,-07:00,2025-10-09T21:14:08-07:00,0,16
style.css,317,css,e955c11e,Artien Voskanian,2025-10-09,21:14:08,-07:00,2025-10-09T21:14:08-07:00,1,12
style.css,318,css,e955c11e,Artien Voskanian,2025-10-09,21:14:08,-07:00,2025-10-09T21:14:08-07:00,1,20
style.css,319,css,e955c11e,Artien Voskanian,2025-10-09,21:14:08,-07:00,2025-10-09T21:14:08-07:00,1,29
style.css,320,css,e955c11e,Artien Voskanian,2025-10-09,21:14:08,-07:00,2025-10-09T21:14:08-07:00,1,8
style.css,321,css,e955c11e,Artien Voskanian,2025-10-09,21:14:08,-07:00,2025-10-09T21:14:08-07:00,1,20
style.css,322,css,e955c11e,Artien Voskanian,2025-10-09,21:14:08,-07:00,2025-10-09T21:14:08-07:00,0,0
style.css,323,css,e955c11e,Artien Voskanian,2025-10-09,21:14:08,-07:00,2025-10-09T21:14:08-07:00,0,0
style.css,324,css,e955c11e,Artien Voskanian,2025-10-09,21:14:08,-07:00,2025-10-09T21:14:08-07:00,0,26
style.css,325,css,e955c11e,Artien Voskanian,2025-10-09,21:14:08,-07:00,2025-10-09T21:14:08-07:00,0,5
style.css,326,css,e955c11e,Artien Voskanian,2025-10-09,21:14:08,-07:00,2025-10-09T21:14:08-07:00,1,31
style.css,327,css,e955c11e,Artien Voskanian,2025-10-09,21:14:08,-07:00,2025-10-09T21:14:08-07:00,1,16
style.css,328,css,e955c11e,Artien Voskanian,2025-10-09,21:14:08,-07:00,2025-10-09T21:14:08-07:00,1,8
style.css,329,css,e955c11e,Artien Voskanian,2025-10-09,21:14:08,-07:00,2025-10-09T21:14:08-07:00,0,0
style.css,330,css,e955c11e,Artien Voskanian,2025-10-09,21:14:08,-07:00,2025-10-09T21:14:08-07:00,0,0
style.css,331,css,e955c11e,Artien Voskanian,2025-10-09,21:14:08,-07:00,2025-10-09T21:14:08-07:00,0,60
style.css,332,css,e955c11e,Artien Voskanian,2025-10-09,21:14:08,-07:00,2025-10-09T21:14:08-07:00,0,12
style.css,333,css,e955c11e,Artien Voskanian,2025-10-09,21:14:08,-07:00,2025-10-09T21:14:08-07:00,1,12
style.css,334,css,e955c11e,Artien Voskanian,2025-10-09,21:14:08,-07:00,2025-10-09T21:14:08-07:00,1,11
style.css,335,css,e955c11e,Artien Voskanian,2025-10-09,21:14:08,-07:00,2025-10-09T21:14:08-07:00,0,0
style.css,336,css,e955c11e,Artien Voskanian,2025-10-09,21:14:08,-07:00,2025-10-09T21:14:08-07:00,0,0
style.css,337,css,e955c11e,Artien Voskanian,2025-10-09,21:14:08,-07:00,2025-10-09T21:14:08-07:00,0,8
style.css,338,css,e955c11e,Artien Voskanian,2025-10-09,21:14:08,-07:00,2025-10-09T21:14:08-07:00,1,12
style.css,339,css,e955c11e,Artien Voskanian,2025-10-09,21:14:08,-07:00,2025-10-09T21:14:08-07:00,1,53
style.css,340,css,e955c11e,Artien Voskanian,2025-10-09,21:14:08,-07:00,2025-10-09T21:14:08-07:00,1,16
style.css,341,css,e955c11e,Artien Voskanian,2025-10-09,21:14:08,-07:00,2025-10-09T21:14:08-07:00,0,0
style.css,342,css,e955c11e,Artien Voskanian,2025-10-09,21:14:08,-07:00,2025-10-09T21:14:08-07:00,0,0
style.css,343,css,e955c11e,Artien Voskanian,2025-10-09,21:14:08,-07:00,2025-10-09T21:14:08-07:00,0,13
style.css,344,css,e955c11e,Artien Voskanian,2025-10-09,21:14:08,-07:00,2025-10-09T21:14:08-07:00,1,13
style.css,345,css,e955c11e,Artien Voskanian,2025-10-09,21:14:08,-07:00,2025-10-09T21:14:08-07:00,1,33
style.css,346,css,e955c11e,Artien Voskanian,2025-10-09,21:14:08,-07:00,2025-10-09T21:14:08-07:00,1,18
style.css,347,css,e955c11e,Artien Voskanian,2025-10-09,21:14:08,-07:00,2025-10-09T21:14:08-07:00,0,0
style.css,348,css,e955c11e,Artien Voskanian,2025-10-09,21:14:08,-07:00,2025-10-09T21:14:08-07:00,0,0
style.css,349,css,e955c11e,Artien Voskanian,2025-10-09,21:14:08,-07:00,2025-10-09T21:14:08-07:00,0,15
style.css,350,css,e955c11e,Artien Voskanian,2025-10-09,21:14:08,-07:00,2025-10-09T21:14:08-07:00,1,12
style.css,351,css,e955c11e,Artien Voskanian,2025-10-09,21:14:08,-07:00,2025-10-09T21:14:08-07:00,1,14
style.css,352,css,e955c11e,Artien Voskanian,2025-10-09,21:14:08,-07:00,2025-10-09T21:14:08-07:00,1,20
style.css,353,css,e955c11e,Artien Voskanian,2025-10-09,21:14:08,-07:00,2025-10-09T21:14:08-07:00,1,18
style.css,354,css,e955c11e,Artien Voskanian,2025-10-09,21:14:08,-07:00,2025-10-09T21:14:08-07:00,0,0
style.css,355,css,e955c11e,Artien Voskanian,2025-10-09,21:14:08,-07:00,2025-10-09T21:14:08-07:00,0,0
style.css,356,css,e955c11e,Artien Voskanian,2025-10-09,21:14:08,-07:00,2025-10-09T21:14:08-07:00,0,24
style.css,357,css,e955c11e,Artien Voskanian,2025-10-09,21:14:08,-07:00,2025-10-09T21:14:08-07:00,0,33
style.css,358,css,e955c11e,Artien Voskanian,2025-10-09,21:14:08,-07:00,2025-10-09T21:14:08-07:00,0,0
style.css,359,css,e955c11e,Artien Voskanian,2025-10-09,21:14:08,-07:00,2025-10-09T21:14:08-07:00,0,44
style.css,360,css,e955c11e,Artien Voskanian,2025-10-09,21:14:08,-07:00,2025-10-09T21:14:08-07:00,0,11
style.css,361,css,e955c11e,Artien Voskanian,2025-10-09,21:14:08,-07:00,2025-10-09T21:14:08-07:00,1,28
style.css,362,css,e955c11e,Artien Voskanian,2025-10-09,21:14:08,-07:00,2025-10-09T21:14:08-07:00,0,0
style.css,363,css,e955c11e,Artien Voskanian,2025-10-09,21:14:08,-07:00,2025-10-09T21:14:08-07:00,0,0
style.css,364,css,e955c11e,Artien Voskanian,2025-10-09,21:14:08,-07:00,2025-10-09T21:14:08-07:00,0,26
style.css,365,css,e955c11e,Artien Voskanian,2025-10-09,21:14:08,-07:00,2025-10-09T21:14:08-07:00,0,25
style.css,366,css,e955c11e,Artien Voskanian,2025-10-09,21:14:08,-07:00,2025-10-09T21:14:08-07:00,1,38
style.css,367,css,e955c11e,Artien Voskanian,2025-10-09,21:14:08,-07:00,2025-10-09T21:14:08-07:00,1,76
style.css,368,css,e955c11e,Artien Voskanian,2025-10-09,21:14:08,-07:00,2025-10-09T21:14:08-07:00,0,0
style.css,369,css,e955c11e,Artien Voskanian,2025-10-09,21:14:08,-07:00,2025-10-09T21:14:08-07:00,0,0
style.css,370,css,e955c11e,Artien Voskanian,2025-10-09,21:14:08,-07:00,2025-10-09T21:14:08-07:00,0,42
style.css,371,css,e955c11e,Artien Voskanian,2025-10-09,21:14:08,-07:00,2025-10-09T21:14:08-07:00,0,7
style.css,372,css,e955c11e,Artien Voskanian,2025-10-09,21:14:08,-07:00,2025-10-09T21:14:08-07:00,1,69
style.css,373,css,e955c11e,Artien Voskanian,2025-10-09,21:14:08,-07:00,2025-10-09T21:14:08-07:00,0,0
style.css,374,css,e955c11e,Artien Voskanian,2025-10-09,21:14:08,-07:00,2025-10-09T21:14:08-07:00,0,6
style.css,375,css,e955c11e,Artien Voskanian,2025-10-09,21:14:08,-07:00,2025-10-09T21:14:08-07:00,1,20
style.css,376,css,e955c11e,Artien Voskanian,2025-10-09,21:14:08,-07:00,2025-10-09T21:14:08-07:00,1,17
style.css,377,css,e955c11e,Artien Voskanian,2025-10-09,21:14:08,-07:00,2025-10-09T21:14:08-07:00,1,21
style.css,378,css,e955c11e,Artien Voskanian,2025-10-09,21:14:08,-07:00,2025-10-09T21:14:08-07:00,1,19
style.css,379,css,e955c11e,Artien Voskanian,2025-10-09,21:14:08,-07:00,2025-10-09T21:14:08-07:00,1,18
style.css,380,css,e955c11e,Artien Voskanian,2025-10-09,21:14:08,-07:00,2025-10-09T21:14:08-07:00,1,13
style.css,381,css,e955c11e,Artien Voskanian,2025-10-09,21:14:08,-07:00,2025-10-09T21:14:08-07:00,1,20
style.css,382,css,e955c11e,Artien Voskanian,2025-10-09,21:14:08,-07:00,2025-10-09T21:14:08-07:00,0,0
style.css,383,css,e955c11e,Artien Voskanian,2025-10-09,21:14:08,-07:00,2025-10-09T21:14:08-07:00,0,0
style.css,384,css,e955c11e,Artien Voskanian,2025-10-09,21:14:08,-07:00,2025-10-09T21:14:08-07:00,0,37
style.css,385,css,e955c11e,Artien Voskanian,2025-10-09,21:14:08,-07:00,2025-10-09T21:14:08-07:00,0,12
style.css,386,css,e955c11e,Artien Voskanian,2025-10-09,21:14:08,-07:00,2025-10-09T21:14:08-07:00,1,28
style.css,387,css,e955c11e,Artien Voskanian,2025-10-09,21:14:08,-07:00,2025-10-09T21:14:08-07:00,1,35
style.css,388,css,e955c11e,Artien Voskanian,2025-10-09,21:14:08,-07:00,2025-10-09T21:14:08-07:00,1,59
style.css,389,css,e955c11e,Artien Voskanian,2025-10-09,21:14:08,-07:00,2025-10-09T21:14:08-07:00,1,89
style.css,390,css,e955c11e,Artien Voskanian,2025-10-09,21:14:08,-07:00,2025-10-09T21:14:08-07:00,1,66
style.css,391,css,e955c11e,Artien Voskanian,2025-10-09,21:14:08,-07:00,2025-10-09T21:14:08-07:00,1,37
style.css,392,css,e955c11e,Artien Voskanian,2025-10-09,21:14:08,-07:00,2025-10-09T21:14:08-07:00,0,0
style.css,393,css,e955c11e,Artien Voskanian,2025-10-09,21:14:08,-07:00,2025-10-09T21:14:08-07:00,0,0
style.css,394,css,e955c11e,Artien Voskanian,2025-10-09,21:14:08,-07:00,2025-10-09T21:14:08-07:00,0,42
style.css,395,css,e955c11e,Artien Voskanian,2025-10-09,21:14:08,-07:00,2025-10-09T21:14:08-07:00,0,35
style.css,396,css,e955c11e,Artien Voskanian,2025-10-09,21:14:08,-07:00,2025-10-09T21:14:08-07:00,0,0
style.css,397,css,e955c11e,Artien Voskanian,2025-10-09,21:14:08,-07:00,2025-10-09T21:14:08-07:00,0,41
style.css,398,css,e955c11e,Artien Voskanian,2025-10-09,21:14:08,-07:00,2025-10-09T21:14:08-07:00,0,53
style.css,399,css,e955c11e,Artien Voskanian,2025-10-09,21:14:08,-07:00,2025-10-09T21:14:08-07:00,0,45
style.css,400,css,e955c11e,Artien Voskanian,2025-10-09,21:14:08,-07:00,2025-10-09T21:14:08-07:00,0,24
style.css,401,css,e955c11e,Artien Voskanian,2025-10-09,21:14:08,-07:00,2025-10-09T21:14:08-07:00,0,0
style.css,402,css,e955c11e,Artien Voskanian,2025-10-09,21:14:08,-07:00,2025-10-09T21:14:08-07:00,0,29
style.css,403,css,e955c11e,Artien Voskanian,2025-10-09,21:14:08,-07:00,2025-10-09T21:14:08-07:00,0,39
style.css,404,css,e955c11e,Artien Voskanian,2025-10-09,21:14:08,-07:00,2025-10-09T21:14:08-07:00,0,27
style.css,405,css,e955c11e,Artien Voskanian,2025-10-09,21:14:08,-07:00,2025-10-09T21:14:08-07:00,0,0
style.css,406,css,e955c11e,Artien Voskanian,2025-10-09,21:14:08,-07:00,2025-10-09T21:14:08-07:00,0,31
style.css,407,css,e955c11e,Artien Voskanian,2025-10-09,21:14:08,-07:00,2025-10-09T21:14:08-07:00,0,76
style.css,408,css,e955c11e,Artien Voskanian,2025-10-09,21:14:08,-07:00,2025-10-09T21:14:08-07:00,0,64
style.css,409,css,e955c11e,Artien Voskanian,2025-10-09,21:14:08,-07:00,2025-10-09T21:14:08-07:00,0,0
style.css,410,css,e955c11e,Artien Voskanian,2025-10-09,21:14:08,-07:00,2025-10-09T21:14:08-07:00,0,49
style.css,411,css,e955c11e,Artien Voskanian,2025-10-09,21:14:08,-07:00,2025-10-09T21:14:08-07:00,0,16
style.css,412,css,e955c11e,Artien Voskanian,2025-10-09,21:14:08,-07:00,2025-10-09T21:14:08-07:00,1,67
style.css,413,css,e955c11e,Artien Voskanian,2025-10-09,21:14:08,-07:00,2025-10-09T21:14:08-07:00,1,31
style.css,414,css,e955c11e,Artien Voskanian,2025-10-09,21:14:08,-07:00,2025-10-09T21:14:08-07:00,0,0
style.css,415,css,e955c11e,Artien Voskanian,2025-10-09,21:14:08,-07:00,2025-10-09T21:14:08-07:00,0,0
style.css,416,css,e955c11e,Artien Voskanian,2025-10-09,21:14:08,-07:00,2025-10-09T21:14:08-07:00,0,53
style.css,417,css,e955c11e,Artien Voskanian,2025-10-09,21:14:08,-07:00,2025-10-09T21:14:08-07:00,0,0
style.css,418,css,e955c11e,Artien Voskanian,2025-10-09,21:14:08,-07:00,2025-10-09T21:14:08-07:00,0,47
style.css,419,css,e955c11e,Artien Voskanian,2025-10-09,21:14:08,-07:00,2025-10-09T21:14:08-07:00,0,39
style.css,420,css,e955c11e,Artien Voskanian,2025-10-09,21:14:08,-07:00,2025-10-09T21:14:08-07:00,0,0
style.css,421,css,e955c11e,Artien Voskanian,2025-10-09,21:14:08,-07:00,2025-10-09T21:14:08-07:00,0,8
style.css,422,css,e955c11e,Artien Voskanian,2025-10-09,21:14:08,-07:00,2025-10-09T21:14:08-07:00,1,12
style.css,423,css,e955c11e,Artien Voskanian,2025-10-09,21:14:08,-07:00,2025-10-09T21:14:08-07:00,1,53
style.css,424,css,e955c11e,Artien Voskanian,2025-10-09,21:14:08,-07:00,2025-10-09T21:14:08-07:00,1,16
style.css,425,css,e955c11e,Artien Voskanian,2025-10-09,21:14:08,-07:00,2025-10-09T21:14:08-07:00,0,0
style.css,426,css,e955c11e,Artien Voskanian,2025-10-09,21:14:08,-07:00,2025-10-09T21:14:08-07:00,0,0
style.css,427,css,e955c11e,Artien Voskanian,2025-10-09,21:14:08,-07:00,2025-10-09T21:14:08-07:00,0,13
style.css,428,css,e955c11e,Artien Voskanian,2025-10-09,21:14:08,-07:00,2025-10-09T21:14:08-07:00,1,13
style.css,429,css,e955c11e,Artien Voskanian,2025-10-09,21:14:08,-07:00,2025-10-09T21:14:08-07:00,1,18
style.css,430,css,e955c11e,Artien Voskanian,2025-10-09,21:14:08,-07:00,2025-10-09T21:14:08-07:00,1,33
style.css,431,css,e955c11e,Artien Voskanian,2025-10-09,21:14:08,-07:00,2025-10-09T21:14:08-07:00,0,0
style.css,432,css,e955c11e,Artien Voskanian,2025-10-09,21:14:08,-07:00,2025-10-09T21:14:08-07:00,0,0
style.css,433,css,e955c11e,Artien Voskanian,2025-10-09,21:14:08,-07:00,2025-10-09T21:14:08-07:00,0,15
style.css,434,css,e955c11e,Artien Voskanian,2025-10-09,21:14:08,-07:00,2025-10-09T21:14:08-07:00,1,73
style.css,435,css,e955c11e,Artien Voskanian,2025-10-09,21:14:08,-07:00,2025-10-09T21:14:08-07:00,0,0
style.css,436,css,e955c11e,Artien Voskanian,2025-10-09,21:14:08,-07:00,2025-10-09T21:14:08-07:00,0,0
style.css,437,css,e955c11e,Artien Voskanian,2025-10-09,21:14:08,-07:00,2025-10-09T21:14:08-07:00,0,26
style.css,438,css,e955c11e,Artien Voskanian,2025-10-09,21:14:08,-07:00,2025-10-09T21:14:08-07:00,0,25
style.css,439,css,e955c11e,Artien Voskanian,2025-10-09,21:14:08,-07:00,2025-10-09T21:14:08-07:00,1,38
style.css,440,css,e955c11e,Artien Voskanian,2025-10-09,21:14:08,-07:00,2025-10-09T21:14:08-07:00,1,26
style.css,441,css,e955c11e,Artien Voskanian,2025-10-09,21:14:08,-07:00,2025-10-09T21:14:08-07:00,0,0
style.css,442,css,e955c11e,Artien Voskanian,2025-10-09,21:14:08,-07:00,2025-10-09T21:14:08-07:00,0,0
style.css,443,css,e955c11e,Artien Voskanian,2025-10-09,21:14:08,-07:00,2025-10-09T21:14:08-07:00,0,46
style.css,444,css,e955c11e,Artien Voskanian,2025-10-09,21:14:08,-07:00,2025-10-09T21:14:08-07:00,0,12
style.css,445,css,e955c11e,Artien Voskanian,2025-10-09,21:14:08,-07:00,2025-10-09T21:14:08-07:00,1,35
style.css,446,css,e955c11e,Artien Voskanian,2025-10-09,21:14:08,-07:00,2025-10-09T21:14:08-07:00,1,59
style.css,447,css,e955c11e,Artien Voskanian,2025-10-09,21:14:08,-07:00,2025-10-09T21:14:08-07:00,1,37
style.css,448,css,e955c11e,Artien Voskanian,2025-10-09,21:14:08,-07:00,2025-10-09T21:14:08-07:00,0,0
style.css,449,css,e955c11e,Artien Voskanian,2025-10-09,21:14:08,-07:00,2025-10-09T21:14:08-07:00,0,0
style.css,450,css,e955c11e,Artien Voskanian,2025-10-09,21:14:08,-07:00,2025-10-09T21:14:08-07:00,0,41
style.css,451,css,e955c11e,Artien Voskanian,2025-10-09,21:14:08,-07:00,2025-10-09T21:14:08-07:00,0,5
style.css,452,css,e955c11e,Artien Voskanian,2025-10-09,21:14:08,-07:00,2025-10-09T21:14:08-07:00,1,57
style.css,453,css,e955c11e,Artien Voskanian,2025-10-09,21:14:08,-07:00,2025-10-09T21:14:08-07:00,1,22
style.css,454,css,e955c11e,Artien Voskanian,2025-10-09,21:14:08,-07:00,2025-10-09T21:14:08-07:00,1,22
style.css,455,css,e955c11e,Artien Voskanian,2025-10-09,21:14:08,-07:00,2025-10-09T21:14:08-07:00,0,0
style.css,456,css,e955c11e,Artien Voskanian,2025-10-09,21:14:08,-07:00,2025-10-09T21:14:08-07:00,0,0
style.css,457,css,e955c11e,Artien Voskanian,2025-10-09,21:14:08,-07:00,2025-10-09T21:14:08-07:00,0,9
style.css,458,css,e955c11e,Artien Voskanian,2025-10-09,21:14:08,-07:00,2025-10-09T21:14:08-07:00,1,57
style.css,459,css,e955c11e,Artien Voskanian,2025-10-09,21:14:08,-07:00,2025-10-09T21:14:08-07:00,1,60
style.css,460,css,e955c11e,Artien Voskanian,2025-10-09,21:14:08,-07:00,2025-10-09T21:14:08-07:00,1,50
style.css,461,css,e955c11e,Artien Voskanian,2025-10-09,21:14:08,-07:00,2025-10-09T21:14:08-07:00,1,45
style.css,462,css,e955c11e,Artien Voskanian,2025-10-09,21:14:08,-07:00,2025-10-09T21:14:08-07:00,1,31
style.css,463,css,e955c11e,Artien Voskanian,2025-10-09,21:14:08,-07:00,2025-10-09T21:14:08-07:00,0,0
style.css,464,css,107fd71b,Artien Voskanian,2025-10-17,21:46:43,-07:00,2025-10-17T21:46:43-07:00,0,0
style.css,465,css,107fd71b,Artien Voskanian,2025-10-17,21:46:43,-07:00,2025-10-17T21:46:43-07:00,0,0
style.css,466,css,107fd71b,Artien Voskanian,2025-10-17,21:46:43,-07:00,2025-10-17T21:46:43-07:00,0,5
style.css,467,css,107fd71b,Artien Voskanian,2025-10-17,21:46:43,-07:00,2025-10-17T21:46:43-07:00,1,60
style.css,468,css,107fd71b,Artien Voskanian,2025-10-17,21:46:43,-07:00,2025-10-17T21:46:43-07:00,1,23
style.css,469,css,107fd71b,Artien Voskanian,2025-10-17,21:46:43,-07:00,2025-10-17T21:46:43-07:00,0,0
style.css,470,css,107fd71b,Artien Voskanian,2025-10-17,21:46:43,-07:00,2025-10-17T21:46:43-07:00,0,0
style.css,471,css,107fd71b,Artien Voskanian,2025-10-17,21:46:43,-07:00,2025-10-17T21:46:43-07:00,0,43
style.css,472,css,107fd71b,Artien Voskanian,2025-10-17,21:46:43,-07:00,2025-10-17T21:46:43-07:00,0,48
style.css,473,css,107fd71b,Artien Voskanian,2025-10-17,21:46:43,-07:00,2025-10-17T21:46:43-07:00,0,47
style.css,474,css,107fd71b,Artien Voskanian,2025-10-17,21:46:43,-07:00,2025-10-17T21:46:43-07:00,0,0
style.css,475,css,107fd71b,Artien Voskanian,2025-10-17,21:46:43,-07:00,2025-10-17T21:46:43-07:00,0,59
style.css,476,css,107fd71b,Artien Voskanian,2025-10-17,21:46:43,-07:00,2025-10-17T21:46:43-07:00,0,14
style.css,477,css,107fd71b,Artien Voskanian,2025-10-17,21:46:43,-07:00,2025-10-17T21:46:43-07:00,1,16
style.css,478,css,107fd71b,Artien Voskanian,2025-10-17,21:46:43,-07:00,2025-10-17T21:46:43-07:00,1,19
style.css,479,css,107fd71b,Artien Voskanian,2025-10-17,21:46:43,-07:00,2025-10-17T21:46:43-07:00,1,18
style.css,480,css,107fd71b,Artien Voskanian,2025-10-17,21:46:43,-07:00,2025-10-17T21:46:43-07:00,1,7
style.css,481,css,107fd71b,Artien Voskanian,2025-10-17,21:46:43,-07:00,2025-10-17T21:46:43-07:00,1,12
style.css,482,css,107fd71b,Artien Voskanian,2025-10-17,21:46:43,-07:00,2025-10-17T21:46:43-07:00,0,0
style.css,483,css,bd675ae2,Artien Voskanian,2025-10-17,21:52:56,-07:00,2025-10-17T21:52:56-07:00,0,0
style.css,484,css,bd675ae2,Artien Voskanian,2025-10-17,21:52:56,-07:00,2025-10-17T21:52:56-07:00,0,4
style.css,485,css,bd675ae2,Artien Voskanian,2025-10-17,21:52:56,-07:00,2025-10-17T21:52:56-07:00,1,52
style.css,486,css,bd675ae2,Artien Voskanian,2025-10-17,21:52:56,-07:00,2025-10-17T21:52:56-07:00,1,17
style.css,487,css,bd675ae2,Artien Voskanian,2025-10-17,21:52:56,-07:00,2025-10-17T21:52:56-07:00,1,16
style.css,488,css,bd675ae2,Artien Voskanian,2025-10-17,21:52:56,-07:00,2025-10-17T21:52:56-07:00,0,0
style.css,489,css,bd675ae2,Artien Voskanian,2025-10-17,21:52:56,-07:00,2025-10-17T21:52:56-07:00,0,0
style.css,490,css,bd675ae2,Artien Voskanian,2025-10-17,21:52:56,-07:00,2025-10-17T21:52:56-07:00,0,0
style.css,491,css,bd675ae2,Artien Voskanian,2025-10-17,21:52:56,-07:00,2025-10-17T21:52:56-07:00,0,3
style.css,492,css,bd675ae2,Artien Voskanian,2025-10-17,21:52:56,-07:00,2025-10-17T21:52:56-07:00,1,67
style.css,493,css,bd675ae2,Artien Voskanian,2025-10-17,21:52:56,-07:00,2025-10-17T21:52:56-07:00,1,76
style.css,494,css,bd675ae2,Artien Voskanian,2025-10-17,21:52:56,-07:00,2025-10-17T21:52:56-07:00,0,0
style.css,495,css,bd675ae2,Artien Voskanian,2025-10-17,21:52:56,-07:00,2025-10-17T21:52:56-07:00,1,12
style.css,496,css,bd675ae2,Artien Voskanian,2025-10-17,21:52:56,-07:00,2025-10-17T21:52:56-07:00,1,10
style.css,497,css,bd675ae2,Artien Voskanian,2025-10-17,21:52:56,-07:00,2025-10-17T21:52:56-07:00,1,17
style.css,498,css,bd675ae2,Artien Voskanian,2025-10-17,21:52:56,-07:00,2025-10-17T21:52:56-07:00,1,43
style.css,499,css,bd675ae2,Artien Voskanian,2025-10-17,21:52:56,-07:00,2025-10-17T21:52:56-07:00,0,0
style.css,500,css,bd675ae2,Artien Voskanian,2025-10-17,21:52:56,-07:00,2025-10-17T21:52:56-07:00,0,0
style.css,501,css,bd675ae2,Artien Voskanian,2025-10-17,21:52:56,-07:00,2025-10-17T21:52:56-07:00,0,5
style.css,502,css,bd675ae2,Artien Voskanian,2025-10-17,21:52:56,-07:00,2025-10-17T21:52:56-07:00,1,61
style.css,503,css,bd675ae2,Artien Voskanian,2025-10-17,21:52:56,-07:00,2025-10-17T21:52:56-07:00,1,22
style.css,504,css,bd675ae2,Artien Voskanian,2025-10-17,21:52:56,-07:00,2025-10-17T21:52:56-07:00,1,20
style.css,505,css,bd675ae2,Artien Voskanian,2025-10-17,21:52:56,-07:00,2025-10-17T21:52:56-07:00,1,57
style.css,506,css,bd675ae2,Artien Voskanian,2025-10-17,21:52:56,-07:00,2025-10-17T21:52:56-07:00,1,22
style.css,507,css,bd675ae2,Artien Voskanian,2025-10-17,21:52:56,-07:00,2025-10-17T21:52:56-07:00,1,56
style.css,508,css,bd675ae2,Artien Voskanian,2025-10-17,21:52:56,-07:00,2025-10-17T21:52:56-07:00,0,0
style.css,509,css,bd675ae2,Artien Voskanian,2025-10-17,21:52:56,-07:00,2025-10-17T21:52:56-07:00,0,0
style.css,510,css,bd675ae2,Artien Voskanian,2025-10-17,21:52:56,-07:00,2025-10-17T21:52:56-07:00,0,0
style.css,511,css,bd675ae2,Artien Voskanian,2025-10-17,21:52:56,-07:00,2025-10-17T21:52:56-07:00,0,63
style.css,512,css,bd675ae2,Artien Voskanian,2025-10-17,21:52:56,-07:00,2025-10-17T21:52:56-07:00,0,11
style.css,513,css,bd675ae2,Artien Voskanian,2025-10-17,21:52:56,-07:00,2025-10-17T21:52:56-07:00,1,69
style.css,514,css,bd675ae2,Artien Voskanian,2025-10-17,21:52:56,-07:00,2025-10-17T21:52:56-07:00,0,0
style.css,515,css,bd675ae2,Artien Voskanian,2025-10-17,21:52:56,-07:00,2025-10-17T21:52:56-07:00,0,0
style.css,516,css,bd675ae2,Artien Voskanian,2025-10-17,21:52:56,-07:00,2025-10-17T21:52:56-07:00,0,41
style.css,517,css,bd675ae2,Artien Voskanian,2025-10-17,21:52:56,-07:00,2025-10-17T21:52:56-07:00,0,19
style.css,518,css,bd675ae2,Artien Voskanian,2025-10-17,21:52:56,-07:00,2025-10-17T21:52:56-07:00,1,37
style.css,519,css,bd675ae2,Artien Voskanian,2025-10-17,21:52:56,-07:00,2025-10-17T21:52:56-07:00,1,18
style.css,520,css,bd675ae2,Artien Voskanian,2025-10-17,21:52:56,-07:00,2025-10-17T21:52:56-07:00,0,0
style.css,521,css,bd675ae2,Artien Voskanian,2025-10-17,21:52:56,-07:00,2025-10-17T21:52:56-07:00,0,0
style.css,522,css,bd675ae2,Artien Voskanian,2025-10-17,21:52:56,-07:00,2025-10-17T21:52:56-07:00,0,0
style.css,523,css,bd675ae2,Artien Voskanian,2025-10-17,21:52:56,-07:00,2025-10-17T21:52:56-07:00,0,52
style.css,524,css,bd675ae2,Artien Voskanian,2025-10-17,21:52:56,-07:00,2025-10-17T21:52:56-07:00,0,12
style.css,525,css,bd675ae2,Artien Voskanian,2025-10-17,21:52:56,-07:00,2025-10-17T21:52:56-07:00,0,26
style.css,526,css,bd675ae2,Artien Voskanian,2025-10-17,21:52:56,-07:00,2025-10-17T21:52:56-07:00,1,15
style.css,527,css,bd675ae2,Artien Voskanian,2025-10-17,21:52:56,-07:00,2025-10-17T21:52:56-07:00,1,69
style.css,528,css,bd675ae2,Artien Voskanian,2025-10-17,21:52:56,-07:00,2025-10-17T21:52:56-07:00,0,0
style.css,529,css,bd675ae2,Artien Voskanian,2025-10-17,21:52:56,-07:00,2025-10-17T21:52:56-07:00,0,0
style.css,530,css,bd675ae2,Artien Voskanian,2025-10-17,21:52:56,-07:00,2025-10-17T21:52:56-07:00,0,53
style.css,531,css,bd675ae2,Artien Voskanian,2025-10-17,21:52:56,-07:00,2025-10-17T21:52:56-07:00,0,18
style.css,532,css,bd675ae2,Artien Voskanian,2025-10-17,21:52:56,-07:00,2025-10-17T21:52:56-07:00,0,32
style.css,533,css,bd675ae2,Artien Voskanian,2025-10-17,21:52:56,-07:00,2025-10-17T21:52:56-07:00,1,69
style.css,534,css,bd675ae2,Artien Voskanian,2025-10-17,21:52:56,-07:00,2025-10-17T21:52:56-07:00,0,0
style.css,535,css,088b89a6,Artien Voskanian,2025-10-24,23:07:57,-07:00,2025-10-24T23:07:57-07:00,0,0
style.css,536,css,088b89a6,Artien Voskanian,2025-10-24,23:07:57,-07:00,2025-10-24T23:07:57-07:00,0,0
style.css,537,css,088b89a6,Artien Voskanian,2025-10-24,23:07:57,-07:00,2025-10-24T23:07:57-07:00,0,32
style.css,538,css,088b89a6,Artien Voskanian,2025-10-24,23:07:57,-07:00,2025-10-24T23:07:57-07:00,0,14
style.css,539,css,088b89a6,Artien Voskanian,2025-10-24,23:07:57,-07:00,2025-10-24T23:07:57-07:00,1,15
style.css,540,css,088b89a6,Artien Voskanian,2025-10-24,23:07:57,-07:00,2025-10-24T23:07:57-07:00,1,12
style.css,541,css,088b89a6,Artien Voskanian,2025-10-24,23:07:57,-07:00,2025-10-24T23:07:57-07:00,1,29
style.css,542,css,088b89a6,Artien Voskanian,2025-10-24,23:07:57,-07:00,2025-10-24T23:07:57-07:00,1,21
style.css,543,css,088b89a6,Artien Voskanian,2025-10-24,23:07:57,-07:00,2025-10-24T23:07:57-07:00,0,0
style.css,544,css,088b89a6,Artien Voskanian,2025-10-24,23:07:57,-07:00,2025-10-24T23:07:57-07:00,0,0
style.css,545,css,088b89a6,Artien Voskanian,2025-10-24,23:07:57,-07:00,2025-10-24T23:07:57-07:00,0,17
style.css,546,css,088b89a6,Artien Voskanian,2025-10-24,23:07:57,-07:00,2025-10-24T23:07:57-07:00,1,20
style.css,547,css,088b89a6,Artien Voskanian,2025-10-24,23:07:57,-07:00,2025-10-24T23:07:57-07:00,1,17
style.css,548,css,088b89a6,Artien Voskanian,2025-10-24,23:07:57,-07:00,2025-10-24T23:07:57-07:00,0,0
style.css,549,css,088b89a6,Artien Voskanian,2025-10-24,23:07:57,-07:00,2025-10-24T23:07:57-07:00,0,0
style.css,550,css,088b89a6,Artien Voskanian,2025-10-24,23:07:57,-07:00,2025-10-24T23:07:57-07:00,0,17
style.css,551,css,088b89a6,Artien Voskanian,2025-10-24,23:07:57,-07:00,2025-10-24T23:07:57-07:00,1,12
style.css,552,css,088b89a6,Artien Voskanian,2025-10-24,23:07:57,-07:00,2025-10-24T23:07:57-07:00,1,61
style.css,553,css,088b89a6,Artien Voskanian,2025-10-24,23:07:57,-07:00,2025-10-24T23:07:57-07:00,1,15
style.css,554,css,088b89a6,Artien Voskanian,2025-10-24,23:07:57,-07:00,2025-10-24T23:07:57-07:00,1,15
style.css,555,css,088b89a6,Artien Voskanian,2025-10-24,23:07:57,-07:00,2025-10-24T23:07:57-07:00,1,15
style.css,556,css,088b89a6,Artien Voskanian,2025-10-24,23:07:57,-07:00,2025-10-24T23:07:57-07:00,0,0
style.css,557,css,088b89a6,Artien Voskanian,2025-10-24,23:07:57,-07:00,2025-10-24T23:07:57-07:00,0,0
style.css,558,css,088b89a6,Artien Voskanian,2025-10-24,23:07:57,-07:00,2025-10-24T23:07:57-07:00,0,17
style.css,559,css,088b89a6,Artien Voskanian,2025-10-24,23:07:57,-07:00,2025-10-24T23:07:57-07:00,1,60
style.css,560,css,088b89a6,Artien Voskanian,2025-10-24,23:07:57,-07:00,2025-10-24T23:07:57-07:00,1,17
style.css,561,css,088b89a6,Artien Voskanian,2025-10-24,23:07:57,-07:00,2025-10-24T23:07:57-07:00,1,24
style.css,562,css,088b89a6,Artien Voskanian,2025-10-24,23:07:57,-07:00,2025-10-24T23:07:57-07:00,1,21
style.css,563,css,088b89a6,Artien Voskanian,2025-10-24,23:07:57,-07:00,2025-10-24T23:07:57-07:00,1,12
style.css,564,css,088b89a6,Artien Voskanian,2025-10-24,23:07:57,-07:00,2025-10-24T23:07:57-07:00,0,0
style.css,565,css,088b89a6,Artien Voskanian,2025-10-24,23:07:57,-07:00,2025-10-24T23:07:57-07:00,0,0
style.css,566,css,088b89a6,Artien Voskanian,2025-10-24,23:07:57,-07:00,2025-10-24T23:07:57-07:00,0,17
style.css,567,css,088b89a6,Artien Voskanian,2025-10-24,23:07:57,-07:00,2025-10-24T23:07:57-07:00,1,61
style.css,568,css,088b89a6,Artien Voskanian,2025-10-24,23:07:57,-07:00,2025-10-24T23:07:57-07:00,1,57
style.css,569,css,088b89a6,Artien Voskanian,2025-10-24,23:07:57,-07:00,2025-10-24T23:07:57-07:00,1,16
style.css,570,css,088b89a6,Artien Voskanian,2025-10-24,23:07:57,-07:00,2025-10-24T23:07:57-07:00,1,15
style.css,571,css,088b89a6,Artien Voskanian,2025-10-24,23:07:57,-07:00,2025-10-24T23:07:57-07:00,0,0
style.css,572,css,584592ee,Artien Voskanian,2025-10-31,19:51:44,-07:00,2025-10-31T19:51:44-07:00,0,0
style.css,573,css,584592ee,Artien Voskanian,2025-10-31,19:51:44,-07:00,2025-10-31T19:51:44-07:00,0,18
style.css,574,css,584592ee,Artien Voskanian,2025-10-31,19:51:44,-07:00,2025-10-31T19:51:44-07:00,1,14
style.css,575,css,584592ee,Artien Voskanian,2025-10-31,19:51:44,-07:00,2025-10-31T19:51:44-07:00,1,13
style.css,576,css,584592ee,Artien Voskanian,2025-10-31,19:51:44,-07:00,2025-10-31T19:51:44-07:00,1,16
style.css,577,css,584592ee,Artien Voskanian,2025-10-31,19:51:44,-07:00,2025-10-31T19:51:44-07:00,0,0
style.css,578,css,584592ee,Artien Voskanian,2025-10-31,19:51:44,-07:00,2025-10-31T19:51:44-07:00,0,0
style.css,579,css,584592ee,Artien Voskanian,2025-10-31,19:51:44,-07:00,2025-10-31T19:51:44-07:00,0,0
style.css,580,css,584592ee,Artien Voskanian,2025-10-31,19:51:44,-07:00,2025-10-31T19:51:44-07:00,0,0
style.css,581,css,584592ee,Artien Voskanian,2025-10-31,19:51:44,-07:00,2025-10-31T19:51:44-07:00,0,17
style.css,582,css,584592ee,Artien Voskanian,2025-10-31,19:51:44,-07:00,2025-10-31T19:51:44-07:00,1,12
style.css,583,css,584592ee,Artien Voskanian,2025-10-31,19:51:44,-07:00,2025-10-31T19:51:44-07:00,1,14
style.css,584,css,584592ee,Artien Voskanian,2025-10-31,19:51:44,-07:00,2025-10-31T19:51:44-07:00,1,22
style.css,585,css,584592ee,Artien Voskanian,2025-10-31,19:51:44,-07:00,2025-10-31T19:51:44-07:00,1,8
style.css,586,css,584592ee,Artien Voskanian,2025-10-31,19:51:44,-07:00,2025-10-31T19:51:44-07:00,1,24
style.css,587,css,584592ee,Artien Voskanian,2025-10-31,19:51:44,-07:00,2025-10-31T19:51:44-07:00,1,63
style.css,588,css,584592ee,Artien Voskanian,2025-10-31,19:51:44,-07:00,2025-10-31T19:51:44-07:00,1,15
style.css,589,css,584592ee,Artien Voskanian,2025-10-31,19:51:44,-07:00,2025-10-31T19:51:44-07:00,0,0
style.css,590,css,584592ee,Artien Voskanian,2025-10-31,19:51:44,-07:00,2025-10-31T19:51:44-07:00,0,0
style.css,591,css,584592ee,Artien Voskanian,2025-10-31,19:51:44,-07:00,2025-10-31T19:51:44-07:00,0,16
style.css,592,css,584592ee,Artien Voskanian,2025-10-31,19:51:44,-07:00,2025-10-31T19:51:44-07:00,1,58
style.css,593,css,584592ee,Artien Voskanian,2025-10-31,19:51:44,-07:00,2025-10-31T19:51:44-07:00,1,29
style.css,594,css,584592ee,Artien Voskanian,2025-10-31,19:51:44,-07:00,2025-10-31T19:51:44-07:00,1,21
style.css,595,css,584592ee,Artien Voskanian,2025-10-31,19:51:44,-07:00,2025-10-31T19:51:44-07:00,1,22
style.css,596,css,584592ee,Artien Voskanian,2025-10-31,19:51:44,-07:00,2025-10-31T19:51:44-07:00,1,16
style.css,597,css,584592ee,Artien Voskanian,2025-10-31,19:51:44,-07:00,2025-10-31T19:51:44-07:00,1,15
style.css,598,css,584592ee,Artien Voskanian,2025-10-31,19:51:44,-07:00,2025-10-31T19:51:44-07:00,1,12
style.css,599,css,584592ee,Artien Voskanian,2025-10-31,19:51:44,-07:00,2025-10-31T19:51:44-07:00,1,69
style.css,600,css,584592ee,Artien Voskanian,2025-10-31,19:51:44,-07:00,2025-10-31T19:51:44-07:00,1,15
style.css,601,css,584592ee,Artien Voskanian,2025-10-31,19:51:44,-07:00,2025-10-31T19:51:44-07:00,1,58
style.css,602,css,584592ee,Artien Voskanian,2025-10-31,19:51:44,-07:00,2025-10-31T19:51:44-07:00,1,16
style.css,603,css,584592ee,Artien Voskanian,2025-10-31,19:51:44,-07:00,2025-10-31T19:51:44-07:00,0,0
style.css,604,css,584592ee,Artien Voskanian,2025-10-31,19:51:44,-07:00,2025-10-31T19:51:44-07:00,0,21
style.css,605,css,584592ee,Artien Voskanian,2025-10-31,19:51:44,-07:00,2025-10-31T19:51:44-07:00,1,12
style.css,606,css,584592ee,Artien Voskanian,2025-10-31,19:51:44,-07:00,2025-10-31T19:51:44-07:00,1,18
style.css,607,css,584592ee,Artien Voskanian,2025-10-31,19:51:44,-07:00,2025-10-31T19:51:44-07:00,1,10
style.css,608,css,584592ee,Artien Voskanian,2025-10-31,19:51:44,-07:00,2025-10-31T19:51:44-07:00,1,18
style.css,609,css,584592ee,Artien Voskanian,2025-10-31,19:51:44,-07:00,2025-10-31T19:51:44-07:00,1,16
style.css,610,css,584592ee,Artien Voskanian,2025-10-31,19:51:44,-07:00,2025-10-31T19:51:44-07:00,1,14
style.css,611,css,584592ee,Artien Voskanian,2025-10-31,19:51:44,-07:00,2025-10-31T19:51:44-07:00,0,0
style.css,612,css,584592ee,Artien Voskanian,2025-10-31,19:51:44,-07:00,2025-10-31T19:51:44-07:00,0,23
style.css,613,css,584592ee,Artien Voskanian,2025-10-31,19:51:44,-07:00,2025-10-31T19:51:44-07:00,1,11
style.css,614,css,584592ee,Artien Voskanian,2025-10-31,19:51:44,-07:00,2025-10-31T19:51:44-07:00,1,12
style.css,615,css,584592ee,Artien Voskanian,2025-10-31,19:51:44,-07:00,2025-10-31T19:51:44-07:00,1,17
style.css,616,css,584592ee,Artien Voskanian,2025-10-31,19:51:44,-07:00,2025-10-31T19:51:44-07:00,1,13
style.css,617,css,584592ee,Artien Voskanian,2025-10-31,19:51:44,-07:00,2025-10-31T19:51:44-07:00,1,29
style.css,618,css,584592ee,Artien Voskanian,2025-10-31,19:51:44,-07:00,2025-10-31T19:51:44-07:00,0,0
style.css,619,css,584592ee,Artien Voskanian,2025-10-31,19:51:44,-07:00,2025-10-31T19:51:44-07:00,0,0
style.css,620,css,584592ee,Artien Voskanian,2025-10-31,19:51:44,-07:00,2025-10-31T19:51:44-07:00,0,14
style.css,621,css,584592ee,Artien Voskanian,2025-10-31,19:51:44,-07:00,2025-10-31T19:51:44-07:00,1,16
style.css,622,css,584592ee,Artien Voskanian,2025-10-31,19:51:44,-07:00,2025-10-31T19:51:44-07:00,1,11
style.css,623,css,584592ee,Artien Voskanian,2025-10-31,19:51:44,-07:00,2025-10-31T19:51:44-07:00,1,18
style.css,624,css,584592ee,Artien Voskanian,2025-10-31,19:51:44,-07:00,2025-10-31T19:51:44-07:00,1,20
style.css,625,css,584592ee,Artien Voskanian,2025-10-31,19:51:44,-07:00,2025-10-31T19:51:44-07:00,1,15
style.css,626,css,584592ee,Artien Voskanian,2025-10-31,19:51:44,-07:00,2025-10-31T19:51:44-07:00,0,0
style.css,627,css,584592ee,Artien Voskanian,2025-10-31,19:51:44,-07:00,2025-10-31T19:51:44-07:00,0,0
style.css,628,css,584592ee,Artien Voskanian,2025-10-31,19:51:44,-07:00,2025-10-31T19:51:44-07:00,0,26
style.css,629,css,584592ee,Artien Voskanian,2025-10-31,19:51:44,-07:00,2025-10-31T19:51:44-07:00,0,21
style.css,630,css,584592ee,Artien Voskanian,2025-10-31,19:51:44,-07:00,2025-10-31T19:51:44-07:00,1,14
style.css,631,css,584592ee,Artien Voskanian,2025-10-31,19:51:44,-07:00,2025-10-31T19:51:44-07:00,0,0
style.css,632,css,584592ee,Artien Voskanian,2025-10-31,19:51:44,-07:00,2025-10-31T19:51:44-07:00,0,0
style.css,633,css,584592ee,Artien Voskanian,2025-10-31,19:51:44,-07:00,2025-10-31T19:51:44-07:00,0,31
style.css,634,css,584592ee,Artien Voskanian,2025-10-31,19:51:44,-07:00,2025-10-31T19:51:44-07:00,0,31
style.css,635,css,584592ee,Artien Voskanian,2025-10-31,19:51:44,-07:00,2025-10-31T19:51:44-07:00,1,15
style.css,636,css,584592ee,Artien Voskanian,2025-10-31,19:51:44,-07:00,2025-10-31T19:51:44-07:00,1,25
style.css,637,css,584592ee,Artien Voskanian,2025-10-31,19:51:44,-07:00,2025-10-31T19:51:44-07:00,0,0
style.css,638,css,584592ee,Artien Voskanian,2025-10-31,19:51:44,-07:00,2025-10-31T19:51:44-07:00,0,64
style.css,639,css,584592ee,Artien Voskanian,2025-10-31,19:51:44,-07:00,2025-10-31T19:51:44-07:00,0,13
style.css,640,css,584592ee,Artien Voskanian,2025-10-31,19:51:44,-07:00,2025-10-31T19:51:44-07:00,1,11
style.css,641,css,584592ee,Artien Voskanian,2025-10-31,19:51:44,-07:00,2025-10-31T19:51:44-07:00,0,0
style.css,642,css,584592ee,Artien Voskanian,2025-10-31,19:51:44,-07:00,2025-10-31T19:51:44-07:00,0,0
style.css,643,css,584592ee,Artien Voskanian,2025-10-31,19:51:44,-07:00,2025-10-31T19:51:44-07:00,0,42
style.css,644,css,584592ee,Artien Voskanian,2025-10-31,19:51:44,-07:00,2025-10-31T19:51:44-07:00,0,18
style.css,645,css,584592ee,Artien Voskanian,2025-10-31,19:51:44,-07:00,2025-10-31T19:51:44-07:00,1,15
style.css,646,css,584592ee,Artien Voskanian,2025-10-31,19:51:44,-07:00,2025-10-31T19:51:44-07:00,1,19
style.css,647,css,584592ee,Artien Voskanian,2025-10-31,19:51:44,-07:00,2025-10-31T19:51:44-07:00,1,12
style.css,648,css,584592ee,Artien Voskanian,2025-10-31,19:51:44,-07:00,2025-10-31T19:51:44-07:00,1,14
style.css,649,css,584592ee,Artien Voskanian,2025-10-31,19:51:44,-07:00,2025-10-31T19:51:44-07:00,1,20
style.css,650,css,584592ee,Artien Voskanian,2025-10-31,19:51:44,-07:00,2025-10-31T19:51:44-07:00,1,15
style.css,651,css,584592ee,Artien Voskanian,2025-10-31,19:51:44,-07:00,2025-10-31T19:51:44-07:00,1,13
style.css,652,css,584592ee,Artien Voskanian,2025-10-31,19:51:44,-07:00,2025-10-31T19:51:44-07:00,0,0
style.css,653,css,584592ee,Artien Voskanian,2025-10-31,19:51:44,-07:00,2025-10-31T19:51:44-07:00,0,0
style.css,654,css,584592ee,Artien Voskanian,2025-10-31,19:51:44,-07:00,2025-10-31T19:51:44-07:00,0,22
style.css,655,css,584592ee,Artien Voskanian,2025-10-31,19:51:44,-07:00,2025-10-31T19:51:44-07:00,1,16
style.css,656,css,584592ee,Artien Voskanian,2025-10-31,19:51:44,-07:00,2025-10-31T19:51:44-07:00,1,15
style.css,657,css,584592ee,Artien Voskanian,2025-10-31,19:51:44,-07:00,2025-10-31T19:51:44-07:00,0,0
style.css,658,css,584592ee,Artien Voskanian,2025-10-31,19:51:44,-07:00,2025-10-31T19:51:44-07:00,0,0
style.css,659,css,584592ee,Artien Voskanian,2025-10-31,19:51:44,-07:00,2025-10-31T19:51:44-07:00,0,22
style.css,660,css,584592ee,Artien Voskanian,2025-10-31,19:51:44,-07:00,2025-10-31T19:51:44-07:00,1,12
style.css,661,css,584592ee,Artien Voskanian,2025-10-31,19:51:44,-07:00,2025-10-31T19:51:44-07:00,1,13
style.css,662,css,584592ee,Artien Voskanian,2025-10-31,19:51:44,-07:00,2025-10-31T19:51:44-07:00,1,17
style.css,663,css,584592ee,Artien Voskanian,2025-10-31,19:51:44,-07:00,2025-10-31T19:51:44-07:00,1,29
style.css,664,css,584592ee,Artien Voskanian,2025-10-31,19:51:44,-07:00,2025-10-31T19:51:44-07:00,1,20
style.css,665,css,584592ee,Artien Voskanian,2025-10-31,19:51:44,-07:00,2025-10-31T19:51:44-07:00,1,21
style.css,666,css,584592ee,Artien Voskanian,2025-10-31,19:51:44,-07:00,2025-10-31T19:51:44-07:00,1,26
style.css,667,css,584592ee,Artien Voskanian,2025-10-31,19:51:44,-07:00,2025-10-31T19:51:44-07:00,1,14
style.css,668,css,584592ee,Artien Voskanian,2025-10-31,19:51:44,-07:00,2025-10-31T19:51:44-07:00,0,0
style.css,669,css,584592ee,Artien Voskanian,2025-10-31,19:51:44,-07:00,2025-10-31T19:51:44-07:00,0,0
style.css,670,css,584592ee,Artien Voskanian,2025-10-31,19:51:44,-07:00,2025-10-31T19:51:44-07:00,0,31
style.css,671,css,584592ee,Artien Voskanian,2025-10-31,19:51:44,-07:00,2025-10-31T19:51:44-07:00,0,13
style.css,672,css,584592ee,Artien Voskanian,2025-10-31,19:51:44,-07:00,2025-10-31T19:51:44-07:00,1,11
style.css,673,css,584592ee,Artien Voskanian,2025-10-31,19:51:44,-07:00,2025-10-31T19:51:44-07:00,0,0
style.css,674,css,584592ee,Artien Voskanian,2025-10-31,19:51:44,-07:00,2025-10-31T19:51:44-07:00,0,0
style.css,675,css,584592ee,Artien Voskanian,2025-10-31,19:51:44,-07:00,2025-10-31T19:51:44-07:00,0,48
style.css,676,css,584592ee,Artien Voskanian,2025-10-31,19:51:44,-07:00,2025-10-31T19:51:44-07:00,0,14
style.css,677,css,584592ee,Artien Voskanian,2025-10-31,19:51:44,-07:00,2025-10-31T19:51:44-07:00,1,9
style.css,678,css,584592ee,Artien Voskanian,2025-10-31,19:51:44,-07:00,2025-10-31T19:51:44-07:00,1,17
style.css,679,css,584592ee,Artien Voskanian,2025-10-31,19:51:44,-07:00,2025-10-31T19:51:44-07:00,1,18
style.css,680,css,584592ee,Artien Voskanian,2025-10-31,19:51:44,-07:00,2025-10-31T19:51:44-07:00,0,0
style.css,681,css,584592ee,Artien Voskanian,2025-10-31,19:51:44,-07:00,2025-10-31T19:51:44-07:00,0,0
style.css,682,css,584592ee,Artien Voskanian,2025-10-31,19:51:44,-07:00,2025-10-31T19:51:44-07:00,0,42
style.css,683,css,584592ee,Artien Voskanian,2025-10-31,19:51:44,-07:00,2025-10-31T19:51:44-07:00,0,13
style.css,684,css,584592ee,Artien Voskanian,2025-10-31,19:51:44,-07:00,2025-10-31T19:51:44-07:00,1,20
style.css,685,css,584592ee,Artien Voskanian,2025-10-31,19:51:44,-07:00,2025-10-31T19:51:44-07:00,1,17
style.css,686,css,584592ee,Artien Voskanian,2025-10-31,19:51:44,-07:00,2025-10-31T19:51:44-07:00,1,16
style.css,687,css,00000000,Not Committed Yet,2025-11-04,23:00:43,-08:00,2025-11-04T23:00:43-08:00,0,0
style.css,688,css,00000000,Not Committed Yet,2025-11-04,23:00:43,-08:00,2025-11-04T23:00:43-08:00,0,0
style.css,689,css,00000000,Not Committed Yet,2025-11-04,23:00:43,-08:00,2025-11-04T23:00:43-08:00,0,23
style.css,690,css,00000000,Not Committed Yet,2025-11-04,23:00:43,-08:00,2025-11-04T23:00:43-08:00,0,6
style.css,691,css,00000000,Not Committed Yet,2025-11-04,23:00:43,-08:00,2025-11-04T23:00:43-08:00,1,12
style.css,692,css,00000000,Not Committed Yet,2025-11-04,23:00:43,-08:00,2025-11-04T23:00:43-08:00,1,37
style.css,693,css,00000000,Not Committed Yet,2025-11-04,23:00:43,-08:00,2025-11-04T23:00:43-08:00,1,15
style.css,694,css,00000000,Not Committed Yet,2025-11-04,23:00:43,-08:00,2025-11-04T23:00:43-08:00,1,20
style.css,695,css,00000000,Not Committed Yet,2025-11-04,23:00:43,-08:00,2025-11-04T23:00:43-08:00,1,36
style.css,696,css,00000000,Not Committed Yet,2025-11-04,23:00:43,-08:00,2025-11-04T23:00:43-08:00,1,18
style.css,697,css,00000000,Not Committed Yet,2025-11-04,23:00:43,-08:00,2025-11-04T23:00:43-08:00,1,15
style.css,698,css,00000000,Not Committed Yet,2025-11-04,23:00:43,-08:00,2025-11-04T23:00:43-08:00,1,16
style.css,699,css,00000000,Not Committed Yet,2025-11-04,23:00:43,-08:00,2025-11-04T23:00:43-08:00,1,32
style.css,700,css,00000000,Not Committed Yet,2025-11-04,23:00:43,-08:00,2025-11-04T23:00:43-08:00,0,0
style.css,701,css,00000000,Not Committed Yet,2025-11-04,23:00:43,-08:00,2025-11-04T23:00:43-08:00,0,9
style.css,702,css,00000000,Not Committed Yet,2025-11-04,23:00:43,-08:00,2025-11-04T23:00:43-08:00,1,15
style.css,703,css,00000000,Not Committed Yet,2025-11-04,23:00:43,-08:00,2025-11-04T23:00:43-08:00,1,25
style.css,704,css,00000000,Not Committed Yet,2025-11-04,23:00:43,-08:00,2025-11-04T23:00:43-08:00,0,0
style.css,705,css,00000000,Not Committed Yet,2025-11-04,23:00:43,-08:00,2025-11-04T23:00:43-08:00,0,9
style.css,706,css,00000000,Not Committed Yet,2025-11-04,23:00:43,-08:00,2025-11-04T23:00:43-08:00,1,8
style.css,707,css,00000000,Not Committed Yet,2025-11-04,23:00:43,-08:00,2025-11-04T23:00:43-08:00,1,23
style.css,708,css,00000000,Not Committed Yet,2025-11-04,23:00:43,-08:00,2025-11-04T23:00:43-08:00,0,0
style.css,709,css,00000000,Not Committed Yet,2025-11-04,23:00:43,-08:00,2025-11-04T23:00:43-08:00,0,18
style.css,710,css,00000000,Not Committed Yet,2025-11-04,23:00:43,-08:00,2025-11-04T23:00:43-08:00,1,20
style.css,711,css,00000000,Not Committed Yet,2025-11-04,23:00:43,-08:00,2025-11-04T23:00:43-08:00,1,37
style.css,712,css,00000000,Not Committed Yet,2025-11-04,23:00:43,-08:00,2025-11-04T23:00:43-08:00,1,11
style.css,713,css,00000000,Not Committed Yet,2025-11-04,23:00:43,-08:00,2025-11-04T23:00:43-08:00,0,0
index.js,1,js,088b89a6,Artien Voskanian,2025-10-24,23:07:57,-07:00,2025-10-24T23:07:57-07:00,0,12
index.js,2,js,088b89a6,Artien Voskanian,2025-10-24,23:07:57,-07:00,2025-10-24T23:07:57-07:00,0,74
index.js,3,js,088b89a6,Artien Voskanian,2025-10-24,23:07:57,-07:00,2025-10-24T23:07:57-07:00,0,0
index.js,4,js,088b89a6,Artien Voskanian,2025-10-24,23:07:57,-07:00,2025-10-24T23:07:57-07:00,0,71
index.js,5,js,088b89a6,Artien Voskanian,2025-10-24,23:07:57,-07:00,2025-10-24T23:07:57-07:00,0,76
index.js,6,js,088b89a6,Artien Voskanian,2025-10-24,23:07:57,-07:00,2025-10-24T23:07:57-07:00,0,0
index.js,7,js,088b89a6,Artien Voskanian,2025-10-24,23:07:57,-07:00,2025-10-24T23:07:57-07:00,0,63
index.js,8,js,088b89a6,Artien Voskanian,2025-10-24,23:07:57,-07:00,2025-10-24T23:07:57-07:00,0,83
index.js,9,js,088b89a6,Artien Voskanian,2025-10-24,23:07:57,-07:00,2025-10-24T23:07:57-07:00,0,9
index.js,10,js,088b89a6,Artien Voskanian,2025-10-24,23:07:57,-07:00,2025-10-24T23:07:57-07:00,0,71
index.js,11,js,088b89a6,Artien Voskanian,2025-10-24,23:07:57,-07:00,2025-10-24T23:07:57-07:00,0,0
index.js,12,js,088b89a6,Artien Voskanian,2025-10-24,23:07:57,-07:00,2025-10-24T23:07:57-07:00,0,21
index.js,13,js,088b89a6,Artien Voskanian,2025-10-24,23:07:57,-07:00,2025-10-24T23:07:57-07:00,1,3
index.js,14,js,088b89a6,Artien Voskanian,2025-10-24,23:07:57,-07:00,2025-10-24T23:07:57-07:00,2,54
index.js,15,js,088b89a6,Artien Voskanian,2025-10-24,23:07:57,-07:00,2025-10-24T23:07:57-07:00,2,29
index.js,16,js,088b89a6,Artien Voskanian,2025-10-24,23:07:57,-07:00,2025-10-24T23:07:57-07:00,3,64
index.js,17,js,088b89a6,Artien Voskanian,2025-10-24,23:07:57,-07:00,2025-10-24T23:07:57-07:00,3,5
index.js,18,js,088b89a6,Artien Voskanian,2025-10-24,23:07:57,-07:00,2025-10-24T23:07:57-07:00,2,0
index.js,19,js,088b89a6,Artien Voskanian,2025-10-24,23:07:57,-07:00,2025-10-24T23:07:57-07:00,0,0
index.js,20,js,088b89a6,Artien Voskanian,2025-10-24,23:07:57,-07:00,2025-10-24T23:07:57-07:00,2,74
index.js,21,js,088b89a6,Artien Voskanian,2025-10-24,23:07:57,-07:00,2025-10-24T23:07:57-07:00,2,34
index.js,22,js,088b89a6,Artien Voskanian,2025-10-24,23:07:57,-07:00,2025-10-24T23:07:57-07:00,0,0
index.js,23,js,088b89a6,Artien Voskanian,2025-10-24,23:07:57,-07:00,2025-10-24T23:07:57-07:00,2,52
index.js,24,js,088b89a6,Artien Voskanian,2025-10-24,23:07:57,-07:00,2025-10-24T23:07:57-07:00,2,15
index.js,25,js,088b89a6,Artien Voskanian,2025-10-24,23:07:57,-07:00,2025-10-24T23:07:57-07:00,3,60
index.js,26,js,088b89a6,Artien Voskanian,2025-10-24,23:07:57,-07:00,2025-10-24T23:07:57-07:00,3,5
index.js,27,js,088b89a6,Artien Voskanian,2025-10-24,23:07:57,-07:00,2025-10-24T23:07:57-07:00,2,0
index.js,28,js,088b89a6,Artien Voskanian,2025-10-24,23:07:57,-07:00,2025-10-24T23:07:57-07:00,0,0
index.js,29,js,088b89a6,Artien Voskanian,2025-10-24,23:07:57,-07:00,2025-10-24T23:07:57-07:00,2,38
index.js,30,js,088b89a6,Artien Voskanian,2025-10-24,23:07:57,-07:00,2025-10-24T23:07:57-07:00,2,68
index.js,31,js,088b89a6,Artien Voskanian,2025-10-24,23:07:57,-07:00,2025-10-24T23:07:57-07:00,1,13
index.js,32,js,088b89a6,Artien Voskanian,2025-10-24,23:07:57,-07:00,2025-10-24T23:07:57-07:00,2,54
index.js,33,js,088b89a6,Artien Voskanian,2025-10-24,23:07:57,-07:00,2025-10-24T23:07:57-07:00,1,0
index.js,34,js,088b89a6,Artien Voskanian,2025-10-24,23:07:57,-07:00,2025-10-24T23:07:57-07:00,0,0
index.js,35,js,088b89a6,Artien Voskanian,2025-10-24,23:07:57,-07:00,2025-10-24T23:07:57-07:00,0,0
index.js,36,js,088b89a6,Artien Voskanian,2025-10-24,23:07:57,-07:00,2025-10-24T23:07:57-07:00,0,5
index.js,37,js,088b89a6,Artien Voskanian,2025-10-24,23:07:57,-07:00,2025-10-24T23:07:57-07:00,0,0
index.js,38,js,088b89a6,Artien Voskanian,2025-10-24,23:07:57,-07:00,2025-10-24T23:07:57-07:00,0,0
index.js,39,js,088b89a6,Artien Voskanian,2025-10-24,23:07:57,-07:00,2025-10-24T23:07:57-07:00,0,78
index.js,40,js,088b89a6,Artien Voskanian,2025-10-24,23:07:57,-07:00,2025-10-24T23:07:57-07:00,0,60
index.js,41,js,088b89a6,Artien Voskanian,2025-10-24,23:07:57,-07:00,2025-10-24T23:07:57-07:00,0,0
index.js,42,js,088b89a6,Artien Voskanian,2025-10-24,23:07:57,-07:00,2025-10-24T23:07:57-07:00,0,31
index.js,43,js,088b89a6,Artien Voskanian,2025-10-24,23:07:57,-07:00,2025-10-24T23:07:57-07:00,1,24
index.js,44,js,088b89a6,Artien Voskanian,2025-10-24,23:07:57,-07:00,2025-10-24T23:07:57-07:00,2,21
index.js,45,js,088b89a6,Artien Voskanian,2025-10-24,23:07:57,-07:00,2025-10-24T23:07:57-07:00,2,2
index.js,46,js,088b89a6,Artien Voskanian,2025-10-24,23:07:57,-07:00,2025-10-24T23:07:57-07:00,3,55
index.js,47,js,088b89a6,Artien Voskanian,2025-10-24,23:07:57,-07:00,2025-10-24T23:07:57-07:00,3,55
index.js,48,js,088b89a6,Artien Voskanian,2025-10-24,23:07:57,-07:00,2025-10-24T23:07:57-07:00,3,49
index.js,49,js,088b89a6,Artien Voskanian,2025-10-24,23:07:57,-07:00,2025-10-24T23:07:57-07:00,3,49
index.js,50,js,088b89a6,Artien Voskanian,2025-10-24,23:07:57,-07:00,2025-10-24T23:07:57-07:00,2,3
index.js,51,js,088b89a6,Artien Voskanian,2025-10-24,23:07:57,-07:00,2025-10-24T23:07:57-07:00,1,0
index.js,52,js,088b89a6,Artien Voskanian,2025-10-24,23:07:57,-07:00,2025-10-24T23:07:57-07:00,0,0
index.html,1,html,6205e0e7,Artien Voskanian,2025-10-03,19:36:54,-07:00,2025-10-03T19:36:54-07:00,0,13
index.html,2,html,6205e0e7,Artien Voskanian,2025-10-03,19:36:54,-07:00,2025-10-03T19:36:54-07:00,0,14
index.html,3,html,6205e0e7,Artien Voskanian,2025-10-03,19:36:54,-07:00,2025-10-03T19:36:54-07:00,0,4
index.html,4,html,6205e0e7,Artien Voskanian,2025-10-03,19:36:54,-07:00,2025-10-03T19:36:54-07:00,2,20
index.html,5,html,6205e0e7,Artien Voskanian,2025-10-03,19:36:54,-07:00,2025-10-03T19:36:54-07:00,2,68
index.html,6,html,6205e0e7,Artien Voskanian,2025-10-03,19:36:54,-07:00,2025-10-03T19:36:54-07:00,2,58
index.html,7,html,e955c11e,Artien Voskanian,2025-10-09,21:14:08,-07:00,2025-10-09T21:14:08-07:00,2,38
index.html,8,html,b6bca4b5,Artien Voskanian,2025-10-03,19:57:13,-07:00,2025-10-03T19:57:13-07:00,2,0
index.html,9,html,088b89a6,Artien Voskanian,2025-10-24,23:07:57,-07:00,2025-10-24T23:07:57-07:00,2,52
index.html,10,html,088b89a6,Artien Voskanian,2025-10-24,23:07:57,-07:00,2025-10-24T23:07:57-07:00,2,0
index.html,11,html,088b89a6,Artien Voskanian,2025-10-24,23:07:57,-07:00,2025-10-24T23:07:57-07:00,2,0
index.html,12,html,5581c9a8,Artien Voskanian,2025-10-03,19:56:17,-07:00,2025-10-03T19:56:17-07:00,0,0
index.html,13,html,6205e0e7,Artien Voskanian,2025-10-03,19:36:54,-07:00,2025-10-03T19:36:54-07:00,0,5
index.html,14,html,6205e0e7,Artien Voskanian,2025-10-03,19:36:54,-07:00,2025-10-03T19:36:54-07:00,0,4
index.html,15,html,088b89a6,Artien Voskanian,2025-10-24,23:07:57,-07:00,2025-10-24T23:07:57-07:00,2,0
index.html,16,html,6205e0e7,Artien Voskanian,2025-10-03,19:36:54,-07:00,2025-10-03T19:36:54-07:00,2,2
index.html,17,html,6205e0e7,Artien Voskanian,2025-10-03,19:36:54,-07:00,2025-10-03T19:36:54-07:00,4,19
index.html,18,html,6205e0e7,Artien Voskanian,2025-10-03,19:36:54,-07:00,2025-10-03T19:36:54-07:00,0,0
index.html,19,html,18bb7913,Artien Voskanian,2025-10-03,22:03:54,-07:00,2025-10-03T22:03:54-07:00,2,207
index.html,20,html,6205e0e7,Artien Voskanian,2025-10-03,19:36:54,-07:00,2025-10-03T19:36:54-07:00,2,2
index.html,21,html,18bb7913,Artien Voskanian,2025-10-03,22:03:54,-07:00,2025-10-03T22:03:54-07:00,0,0
index.html,22,html,088b89a6,Artien Voskanian,2025-10-24,23:07:57,-07:00,2025-10-24T23:07:57-07:00,2,0
index.html,23,html,088b89a6,Artien Voskanian,2025-10-24,23:07:57,-07:00,2025-10-24T23:07:57-07:00,0,0
index.html,24,html,18bb7913,Artien Voskanian,2025-10-03,22:03:54,-07:00,2025-10-03T22:03:54-07:00,0,0
index.html,25,html,e955c11e,Artien Voskanian,2025-10-09,21:14:08,-07:00,2025-10-09T21:14:08-07:00,2,6
index.html,26,html,107fd71b,Artien Voskanian,2025-10-17,21:46:43,-07:00,2025-10-17T21:46:43-07:00,4,29
index.html,27,html,e955c11e,Artien Voskanian,2025-10-09,21:14:08,-07:00,2025-10-09T21:14:08-07:00,6,22
index.html,28,html,e955c11e,Artien Voskanian,2025-10-09,21:14:08,-07:00,2025-10-09T21:14:08-07:00,8,56
index.html,29,html,e955c11e,Artien Voskanian,2025-10-09,21:14:08,-07:00,2025-10-09T21:14:08-07:00,8,48
index.html,30,html,e955c11e,Artien Voskanian,2025-10-09,21:14:08,-07:00,2025-10-09T21:14:08-07:00,8,49
index.html,31,html,e955c11e,Artien Voskanian,2025-10-09,21:14:08,-07:00,2025-10-09T21:14:08-07:00,8,44
index.html,32,html,e955c11e,Artien Voskanian,2025-10-09,21:14:08,-07:00,2025-10-09T21:14:08-07:00,8,78
index.html,33,html,e955c11e,Artien Voskanian,2025-10-09,21:14:08,-07:00,2025-10-09T21:14:08-07:00,6,3
index.html,34,html,107fd71b,Artien Voskanian,2025-10-17,21:46:43,-07:00,2025-10-17T21:46:43-07:00,4,8
index.html,35,html,e955c11e,Artien Voskanian,2025-10-09,21:14:08,-07:00,2025-10-09T21:14:08-07:00,2,7
index.html,36,html,e955c11e,Artien Voskanian,2025-10-09,21:14:08,-07:00,2025-10-09T21:14:08-07:00,2,0
index.html,37,html,e955c11e,Artien Voskanian,2025-10-09,21:14:08,-07:00,2025-10-09T21:14:08-07:00,2,17
index.html,38,html,e955c11e,Artien Voskanian,2025-10-09,21:14:08,-07:00,2025-10-09T21:14:08-07:00,2,19
index.html,39,html,e955c11e,Artien Voskanian,2025-10-09,21:14:08,-07:00,2025-10-09T21:14:08-07:00,4,32
index.html,40,html,e955c11e,Artien Voskanian,2025-10-09,21:14:08,-07:00,2025-10-09T21:14:08-07:00,6,60
index.html,41,html,e955c11e,Artien Voskanian,2025-10-09,21:14:08,-07:00,2025-10-09T21:14:08-07:00,2,7
index.html,42,html,e955c11e,Artien Voskanian,2025-10-09,21:14:08,-07:00,2025-10-09T21:14:08-07:00,0,0
index.html,43,html,088b89a6,Artien Voskanian,2025-10-24,23:07:57,-07:00,2025-10-24T23:07:57-07:00,2,22
index.html,44,html,088b89a6,Artien Voskanian,2025-10-24,23:07:57,-07:00,2025-10-24T23:07:57-07:00,2,20
index.html,45,html,088b89a6,Artien Voskanian,2025-10-24,23:07:57,-07:00,2025-10-24T23:07:57-07:00,2,42
index.html,46,html,088b89a6,Artien Voskanian,2025-10-24,23:07:57,-07:00,2025-10-24T23:07:57-07:00,2,4
index.html,47,html,088b89a6,Artien Voskanian,2025-10-24,23:07:57,-07:00,2025-10-24T23:07:57-07:00,2,0
index.html,48,html,088b89a6,Artien Voskanian,2025-10-24,23:07:57,-07:00,2025-10-24T23:07:57-07:00,2,17
index.html,49,html,18bb7913,Artien Voskanian,2025-10-03,22:03:54,-07:00,2025-10-03T22:03:54-07:00,2,0
index.html,50,html,18bb7913,Artien Voskanian,2025-10-03,22:03:54,-07:00,2025-10-03T22:03:54-07:00,0,0
index.html,51,html,088b89a6,Artien Voskanian,2025-10-24,23:07:57,-07:00,2025-10-24T23:07:57-07:00,2,28
index.html,52,html,9b6d2a10,Artien Voskanian,2025-10-03,19:55:27,-07:00,2025-10-03T19:55:27-07:00,0,0
index.html,53,html,88b4d1b2,Artien Voskanian,2025-10-29,21:26:24,-07:00,2025-10-29T21:26:24-07:00,2,54
index.html,54,html,6205e0e7,Artien Voskanian,2025-10-03,19:36:54,-07:00,2025-10-03T19:36:54-07:00,2,0
index.html,55,html,6205e0e7,Artien Voskanian,2025-10-03,19:36:54,-07:00,2025-10-03T19:36:54-07:00,0,5
index.html,56,html,6205e0e7,Artien Voskanian,2025-10-03,19:36:54,-07:00,2025-10-03T19:36:54-07:00,0,5
global.js,1,js,107fd71b,Artien Voskanian,2025-10-17,21:46:43,-07:00,2025-10-17T21:46:43-07:00,0,25
global.js,2,js,107fd71b,Artien Voskanian,2025-10-17,21:46:43,-07:00,2025-10-17T21:46:43-07:00,0,0
global.js,3,js,107fd71b,Artien Voskanian,2025-10-17,21:46:43,-07:00,2025-10-17T21:46:43-07:00,0,41
global.js,4,js,107fd71b,Artien Voskanian,2025-10-17,21:46:43,-07:00,2025-10-17T21:46:43-07:00,1,52
global.js,5,js,107fd71b,Artien Voskanian,2025-10-17,21:46:43,-07:00,2025-10-17T21:46:43-07:00,0,0
global.js,6,js,107fd71b,Artien Voskanian,2025-10-17,21:46:43,-07:00,2025-10-17T21:46:43-07:00,0,0
global.js,7,js,107fd71b,Artien Voskanian,2025-10-17,21:46:43,-07:00,2025-10-17T21:46:43-07:00,0,44
global.js,8,js,107fd71b,Artien Voskanian,2025-10-17,21:46:43,-07:00,2025-10-17T21:46:43-07:00,0,0
global.js,9,js,107fd71b,Artien Voskanian,2025-10-17,21:46:43,-07:00,2025-10-17T21:46:43-07:00,0,17
global.js,10,js,107fd71b,Artien Voskanian,2025-10-17,21:46:43,-07:00,2025-10-17T21:46:43-07:00,0,11
global.js,11,js,107fd71b,Artien Voskanian,2025-10-17,21:46:43,-07:00,2025-10-17T21:46:43-07:00,1,25
global.js,12,js,107fd71b,Artien Voskanian,2025-10-17,21:46:43,-07:00,2025-10-17T21:46:43-07:00,1,38
global.js,13,js,107fd71b,Artien Voskanian,2025-10-17,21:46:43,-07:00,2025-10-17T21:46:43-07:00,1,36
global.js,14,js,107fd71b,Artien Voskanian,2025-10-17,21:46:43,-07:00,2025-10-17T21:46:43-07:00,1,33
global.js,15,js,107fd71b,Artien Voskanian,2025-10-17,21:46:43,-07:00,2025-10-17T21:46:43-07:00,1,61
global.js,16,js,ec2d0bdf,Artien Voskanian,2025-11-04,22:49:04,-08:00,2025-11-04T22:49:04-08:00,1,30
global.js,17,js,107fd71b,Artien Voskanian,2025-10-17,21:46:43,-07:00,2025-10-17T21:46:43-07:00,0,0
global.js,18,js,107fd71b,Artien Voskanian,2025-10-17,21:46:43,-07:00,2025-10-17T21:46:43-07:00,0,0
global.js,19,js,107fd71b,Artien Voskanian,2025-10-17,21:46:43,-07:00,2025-10-17T21:46:43-07:00,0,42
global.js,20,js,107fd71b,Artien Voskanian,2025-10-17,21:46:43,-07:00,2025-10-17T21:46:43-07:00,0,15
global.js,21,js,107fd71b,Artien Voskanian,2025-10-17,21:46:43,-07:00,2025-10-17T21:46:43-07:00,1,68
global.js,22,js,107fd71b,Artien Voskanian,2025-10-17,21:46:43,-07:00,2025-10-17T21:46:43-07:00,2,3
global.js,23,js,107fd71b,Artien Voskanian,2025-10-17,21:46:43,-07:00,2025-10-17T21:46:43-07:00,2,14
global.js,24,js,107fd71b,Artien Voskanian,2025-10-17,21:46:43,-07:00,2025-10-17T21:46:43-07:00,0,0
global.js,25,js,107fd71b,Artien Voskanian,2025-10-17,21:46:43,-07:00,2025-10-17T21:46:43-07:00,0,36
global.js,26,js,107fd71b,Artien Voskanian,2025-10-17,21:46:43,-07:00,2025-10-17T21:46:43-07:00,0,38
global.js,27,js,107fd71b,Artien Voskanian,2025-10-17,21:46:43,-07:00,2025-10-17T21:46:43-07:00,0,25
global.js,28,js,107fd71b,Artien Voskanian,2025-10-17,21:46:43,-07:00,2025-10-17T21:46:43-07:00,0,21
global.js,29,js,107fd71b,Artien Voskanian,2025-10-17,21:46:43,-07:00,2025-10-17T21:46:43-07:00,0,26
global.js,30,js,107fd71b,Artien Voskanian,2025-10-17,21:46:43,-07:00,2025-10-17T21:46:43-07:00,0,25
global.js,31,js,107fd71b,Artien Voskanian,2025-10-17,21:46:43,-07:00,2025-10-17T21:46:43-07:00,0,0
global.js,32,js,107fd71b,Artien Voskanian,2025-10-17,21:46:43,-07:00,2025-10-17T21:46:43-07:00,0,0
global.js,33,js,107fd71b,Artien Voskanian,2025-10-17,21:46:43,-07:00,2025-10-17T21:46:43-07:00,0,73
global.js,34,js,107fd71b,Artien Voskanian,2025-10-17,21:46:43,-07:00,2025-10-17T21:46:43-07:00,0,20
global.js,35,js,107fd71b,Artien Voskanian,2025-10-17,21:46:43,-07:00,2025-10-17T21:46:43-07:00,1,52
global.js,36,js,107fd71b,Artien Voskanian,2025-10-17,21:46:43,-07:00,2025-10-17T21:46:43-07:00,1,45
global.js,37,js,107fd71b,Artien Voskanian,2025-10-17,21:46:43,-07:00,2025-10-17T21:46:43-07:00,1,49
global.js,38,js,107fd71b,Artien Voskanian,2025-10-17,21:46:43,-07:00,2025-10-17T21:46:43-07:00,0,0
global.js,39,js,107fd71b,Artien Voskanian,2025-10-17,21:46:43,-07:00,2025-10-17T21:46:43-07:00,1,34
global.js,40,js,107fd71b,Artien Voskanian,2025-10-17,21:46:43,-07:00,2025-10-17T21:46:43-07:00,1,36
global.js,41,js,107fd71b,Artien Voskanian,2025-10-17,21:46:43,-07:00,2025-10-17T21:46:43-07:00,1,11
global.js,42,js,107fd71b,Artien Voskanian,2025-10-17,21:46:43,-07:00,2025-10-17T21:46:43-07:00,1,22
global.js,43,js,107fd71b,Artien Voskanian,2025-10-17,21:46:43,-07:00,2025-10-17T21:46:43-07:00,0,0
global.js,44,js,107fd71b,Artien Voskanian,2025-10-17,21:46:43,-07:00,2025-10-17T21:46:43-07:00,1,55
global.js,45,js,107fd71b,Artien Voskanian,2025-10-17,21:46:43,-07:00,2025-10-17T21:46:43-07:00,1,27
global.js,46,js,107fd71b,Artien Voskanian,2025-10-17,21:46:43,-07:00,2025-10-17T21:46:43-07:00,2,82
global.js,47,js,107fd71b,Artien Voskanian,2025-10-17,21:46:43,-07:00,2025-10-17T21:46:43-07:00,2,44
global.js,48,js,107fd71b,Artien Voskanian,2025-10-17,21:46:43,-07:00,2025-10-17T21:46:43-07:00,1,0
global.js,49,js,107fd71b,Artien Voskanian,2025-10-17,21:46:43,-07:00,2025-10-17T21:46:43-07:00,1,40
global.js,50,js,107fd71b,Artien Voskanian,2025-10-17,21:46:43,-07:00,2025-10-17T21:46:43-07:00,1,70
global.js,51,js,107fd71b,Artien Voskanian,2025-10-17,21:46:43,-07:00,2025-10-17T21:46:43-07:00,1,50
global.js,52,js,107fd71b,Artien Voskanian,2025-10-17,21:46:43,-07:00,2025-10-17T21:46:43-07:00,0,0
global.js,53,js,107fd71b,Artien Voskanian,2025-10-17,21:46:43,-07:00,2025-10-17T21:46:43-07:00,1,52
global.js,54,js,107fd71b,Artien Voskanian,2025-10-17,21:46:43,-07:00,2025-10-17T21:46:43-07:00,1,14
global.js,55,js,107fd71b,Artien Voskanian,2025-10-17,21:46:43,-07:00,2025-10-17T21:46:43-07:00,2,18
global.js,56,js,107fd71b,Artien Voskanian,2025-10-17,21:46:43,-07:00,2025-10-17T21:46:43-07:00,2,28
global.js,57,js,107fd71b,Artien Voskanian,2025-10-17,21:46:43,-07:00,2025-10-17T21:46:43-07:00,1,0
global.js,58,js,107fd71b,Artien Voskanian,2025-10-17,21:46:43,-07:00,2025-10-17T21:46:43-07:00,0,0
global.js,59,js,107fd71b,Artien Voskanian,2025-10-17,21:46:43,-07:00,2025-10-17T21:46:43-07:00,1,19
global.js,60,js,107fd71b,Artien Voskanian,2025-10-17,21:46:43,-07:00,2025-10-17T21:46:43-07:00,1,12
global.js,61,js,107fd71b,Artien Voskanian,2025-10-17,21:46:43,-07:00,2025-10-17T21:46:43-07:00,0,0
global.js,62,js,107fd71b,Artien Voskanian,2025-10-17,21:46:43,-07:00,2025-10-17T21:46:43-07:00,0,0
global.js,63,js,107fd71b,Artien Voskanian,2025-10-17,21:46:43,-07:00,2025-10-17T21:46:43-07:00,0,47
global.js,64,js,107fd71b,Artien Voskanian,2025-10-17,21:46:43,-07:00,2025-10-17T21:46:43-07:00,0,42
global.js,65,js,107fd71b,Artien Voskanian,2025-10-17,21:46:43,-07:00,2025-10-17T21:46:43-07:00,0,0
global.js,66,js,107fd71b,Artien Voskanian,2025-10-17,21:46:43,-07:00,2025-10-17T21:46:43-07:00,0,16
global.js,67,js,107fd71b,Artien Voskanian,2025-10-17,21:46:43,-07:00,2025-10-17T21:46:43-07:00,0,47
global.js,68,js,107fd71b,Artien Voskanian,2025-10-17,21:46:43,-07:00,2025-10-17T21:46:43-07:00,0,32
global.js,69,js,107fd71b,Artien Voskanian,2025-10-17,21:46:43,-07:00,2025-10-17T21:46:43-07:00,0,0
global.js,70,js,107fd71b,Artien Voskanian,2025-10-17,21:46:43,-07:00,2025-10-17T21:46:43-07:00,0,49
global.js,71,js,107fd71b,Artien Voskanian,2025-10-17,21:46:43,-07:00,2025-10-17T21:46:43-07:00,0,34
global.js,72,js,107fd71b,Artien Voskanian,2025-10-17,21:46:43,-07:00,2025-10-17T21:46:43-07:00,0,32
global.js,73,js,107fd71b,Artien Voskanian,2025-10-17,21:46:43,-07:00,2025-10-17T21:46:43-07:00,0,0
global.js,74,js,107fd71b,Artien Voskanian,2025-10-17,21:46:43,-07:00,2025-10-17T21:46:43-07:00,0,51
global.js,75,js,107fd71b,Artien Voskanian,2025-10-17,21:46:43,-07:00,2025-10-17T21:46:43-07:00,0,30
global.js,76,js,107fd71b,Artien Voskanian,2025-10-17,21:46:43,-07:00,2025-10-17T21:46:43-07:00,0,0
global.js,77,js,107fd71b,Artien Voskanian,2025-10-17,21:46:43,-07:00,2025-10-17T21:46:43-07:00,1,37
global.js,78,js,107fd71b,Artien Voskanian,2025-10-17,21:46:43,-07:00,2025-10-17T21:46:43-07:00,1,33
global.js,79,js,107fd71b,Artien Voskanian,2025-10-17,21:46:43,-07:00,2025-10-17T21:46:43-07:00,1,32
global.js,80,js,107fd71b,Artien Voskanian,2025-10-17,21:46:43,-07:00,2025-10-17T21:46:43-07:00,0,16
global.js,81,js,107fd71b,Artien Voskanian,2025-10-17,21:46:43,-07:00,2025-10-17T21:46:43-07:00,1,41
global.js,82,js,107fd71b,Artien Voskanian,2025-10-17,21:46:43,-07:00,2025-10-17T21:46:43-07:00,1,18
global.js,83,js,107fd71b,Artien Voskanian,2025-10-17,21:46:43,-07:00,2025-10-17T21:46:43-07:00,1,24
global.js,84,js,107fd71b,Artien Voskanian,2025-10-17,21:46:43,-07:00,2025-10-17T21:46:43-07:00,1,20
global.js,85,js,107fd71b,Artien Voskanian,2025-10-17,21:46:43,-07:00,2025-10-17T21:46:43-07:00,0,1
global.js,86,js,107fd71b,Artien Voskanian,2025-10-17,21:46:43,-07:00,2025-10-17T21:46:43-07:00,0,0
global.js,87,js,107fd71b,Artien Voskanian,2025-10-17,21:46:43,-07:00,2025-10-17T21:46:43-07:00,0,40
global.js,88,js,107fd71b,Artien Voskanian,2025-10-17,21:46:43,-07:00,2025-10-17T21:46:43-07:00,0,58
global.js,89,js,107fd71b,Artien Voskanian,2025-10-17,21:46:43,-07:00,2025-10-17T21:46:43-07:00,0,0
global.js,90,js,107fd71b,Artien Voskanian,2025-10-17,21:46:43,-07:00,2025-10-17T21:46:43-07:00,0,16
global.js,91,js,107fd71b,Artien Voskanian,2025-10-17,21:46:43,-07:00,2025-10-17T21:46:43-07:00,0,31
global.js,92,js,107fd71b,Artien Voskanian,2025-10-17,21:46:43,-07:00,2025-10-17T21:46:43-07:00,1,36
global.js,93,js,107fd71b,Artien Voskanian,2025-10-17,21:46:43,-07:00,2025-10-17T21:46:43-07:00,1,20
global.js,94,js,107fd71b,Artien Voskanian,2025-10-17,21:46:43,-07:00,2025-10-17T21:46:43-07:00,2,85
global.js,95,js,107fd71b,Artien Voskanian,2025-10-17,21:46:43,-07:00,2025-10-17T21:46:43-07:00,1,6
global.js,96,js,107fd71b,Artien Voskanian,2025-10-17,21:46:43,-07:00,2025-10-17T21:46:43-07:00,2,57
global.js,97,js,107fd71b,Artien Voskanian,2025-10-17,21:46:43,-07:00,2025-10-17T21:46:43-07:00,1,0
global.js,98,js,107fd71b,Artien Voskanian,2025-10-17,21:46:43,-07:00,2025-10-17T21:46:43-07:00,0,0
global.js,99,js,107fd71b,Artien Voskanian,2025-10-17,21:46:43,-07:00,2025-10-17T21:46:43-07:00,0,0
global.js,100,js,107fd71b,Artien Voskanian,2025-10-17,21:46:43,-07:00,2025-10-17T21:46:43-07:00,0,66
global.js,101,js,107fd71b,Artien Voskanian,2025-10-17,21:46:43,-07:00,2025-10-17T21:46:43-07:00,0,54
global.js,102,js,107fd71b,Artien Voskanian,2025-10-17,21:46:43,-07:00,2025-10-17T21:46:43-07:00,0,22
global.js,103,js,107fd71b,Artien Voskanian,2025-10-17,21:46:43,-07:00,2025-10-17T21:46:43-07:00,0,24
global.js,104,js,107fd71b,Artien Voskanian,2025-10-17,21:46:43,-07:00,2025-10-17T21:46:43-07:00,0,0
global.js,105,js,107fd71b,Artien Voskanian,2025-10-17,21:46:43,-07:00,2025-10-17T21:46:43-07:00,0,39
global.js,106,js,107fd71b,Artien Voskanian,2025-10-17,21:46:43,-07:00,2025-10-17T21:46:43-07:00,0,45
global.js,107,js,107fd71b,Artien Voskanian,2025-10-17,21:46:43,-07:00,2025-10-17T21:46:43-07:00,1,55
global.js,108,js,107fd71b,Artien Voskanian,2025-10-17,21:46:43,-07:00,2025-10-17T21:46:43-07:00,1,36
global.js,109,js,107fd71b,Artien Voskanian,2025-10-17,21:46:43,-07:00,2025-10-17T21:46:43-07:00,1,21
global.js,110,js,107fd71b,Artien Voskanian,2025-10-17,21:46:43,-07:00,2025-10-17T21:46:43-07:00,0,1
global.js,111,js,107fd71b,Artien Voskanian,2025-10-17,21:46:43,-07:00,2025-10-17T21:46:43-07:00,0,0
global.js,112,js,088b89a6,Artien Voskanian,2025-10-24,23:07:57,-07:00,2025-10-24T23:07:57-07:00,0,36
global.js,113,js,088b89a6,Artien Voskanian,2025-10-24,23:07:57,-07:00,2025-10-24T23:07:57-07:00,1,3
global.js,114,js,088b89a6,Artien Voskanian,2025-10-24,23:07:57,-07:00,2025-10-24T23:07:57-07:00,2,39
global.js,115,js,088b89a6,Artien Voskanian,2025-10-24,23:07:57,-07:00,2025-10-24T23:07:57-07:00,2,32
global.js,116,js,088b89a6,Artien Voskanian,2025-10-24,23:07:57,-07:00,2025-10-24T23:07:57-07:00,2,17
global.js,117,js,088b89a6,Artien Voskanian,2025-10-24,23:07:57,-07:00,2025-10-24T23:07:57-07:00,3,66
global.js,118,js,088b89a6,Artien Voskanian,2025-10-24,23:07:57,-07:00,2025-10-24T23:07:57-07:00,2,0
global.js,119,js,088b89a6,Artien Voskanian,2025-10-24,23:07:57,-07:00,2025-10-24T23:07:57-07:00,2,33
global.js,120,js,088b89a6,Artien Voskanian,2025-10-24,23:07:57,-07:00,2025-10-24T23:07:57-07:00,2,10
global.js,121,js,088b89a6,Artien Voskanian,2025-10-24,23:07:57,-07:00,2025-10-24T23:07:57-07:00,0,0
global.js,122,js,088b89a6,Artien Voskanian,2025-10-24,23:07:57,-07:00,2025-10-24T23:07:57-07:00,1,15
global.js,123,js,088b89a6,Artien Voskanian,2025-10-24,23:07:57,-07:00,2025-10-24T23:07:57-07:00,2,59
global.js,124,js,088b89a6,Artien Voskanian,2025-10-24,23:07:57,-07:00,2025-10-24T23:07:57-07:00,1,0
global.js,125,js,088b89a6,Artien Voskanian,2025-10-24,23:07:57,-07:00,2025-10-24T23:07:57-07:00,0,0
global.js,126,js,088b89a6,Artien Voskanian,2025-10-24,23:07:57,-07:00,2025-10-24T23:07:57-07:00,0,0
global.js,127,js,088b89a6,Artien Voskanian,2025-10-24,23:07:57,-07:00,2025-10-24T23:07:57-07:00,0,79
global.js,128,js,088b89a6,Artien Voskanian,2025-10-24,23:07:57,-07:00,2025-10-24T23:07:57-07:00,1,28
global.js,129,js,088b89a6,Artien Voskanian,2025-10-24,23:07:57,-07:00,2025-10-24T23:07:57-07:00,1,30
global.js,130,js,088b89a6,Artien Voskanian,2025-10-24,23:07:57,-07:00,2025-10-24T23:07:57-07:00,0,0
global.js,131,js,088b89a6,Artien Voskanian,2025-10-24,23:07:57,-07:00,2025-10-24T23:07:57-07:00,1,61
global.js,132,js,088b89a6,Artien Voskanian,2025-10-24,23:07:57,-07:00,2025-10-24T23:07:57-07:00,1,64
global.js,133,js,088b89a6,Artien Voskanian,2025-10-24,23:07:57,-07:00,2025-10-24T23:07:57-07:00,0,0
global.js,134,js,088b89a6,Artien Voskanian,2025-10-24,23:07:57,-07:00,2025-10-24T23:07:57-07:00,1,77
global.js,135,js,088b89a6,Artien Voskanian,2025-10-24,23:07:57,-07:00,2025-10-24T23:07:57-07:00,1,22
global.js,136,js,088b89a6,Artien Voskanian,2025-10-24,23:07:57,-07:00,2025-10-24T23:07:57-07:00,2,57
global.js,137,js,088b89a6,Artien Voskanian,2025-10-24,23:07:57,-07:00,2025-10-24T23:07:57-07:00,2,5
global.js,138,js,088b89a6,Artien Voskanian,2025-10-24,23:07:57,-07:00,2025-10-24T23:07:57-07:00,1,0
global.js,139,js,088b89a6,Artien Voskanian,2025-10-24,23:07:57,-07:00,2025-10-24T23:07:57-07:00,0,0
global.js,140,js,088b89a6,Artien Voskanian,2025-10-24,23:07:57,-07:00,2025-10-24T23:07:57-07:00,1,27
global.js,141,js,088b89a6,Artien Voskanian,2025-10-24,23:07:57,-07:00,2025-10-24T23:07:57-07:00,2,48
global.js,142,js,088b89a6,Artien Voskanian,2025-10-24,23:07:57,-07:00,2025-10-24T23:07:57-07:00,0,0
global.js,143,js,088b89a6,Artien Voskanian,2025-10-24,23:07:57,-07:00,2025-10-24T23:07:57-07:00,2,49
global.js,144,js,584592ee,Artien Voskanian,2025-10-31,19:51:44,-07:00,2025-10-31T19:51:44-07:00,2,74
global.js,145,js,584592ee,Artien Voskanian,2025-10-31,19:51:44,-07:00,2025-10-31T19:51:44-07:00,2,30
global.js,146,js,584592ee,Artien Voskanian,2025-10-31,19:51:44,-07:00,2025-10-31T19:51:44-07:00,3,45
global.js,147,js,584592ee,Artien Voskanian,2025-10-31,19:51:44,-07:00,2025-10-31T19:51:44-07:00,3,3
global.js,148,js,088b89a6,Artien Voskanian,2025-10-24,23:07:57,-07:00,2025-10-24T23:07:57-07:00,2,38
global.js,149,js,088b89a6,Artien Voskanian,2025-10-24,23:07:57,-07:00,2025-10-24T23:07:57-07:00,0,0
global.js,150,js,584592ee,Artien Voskanian,2025-10-31,19:51:44,-07:00,2025-10-31T19:51:44-07:00,2,62
global.js,151,js,584592ee,Artien Voskanian,2025-10-31,19:51:44,-07:00,2025-10-31T19:51:44-07:00,2,22
global.js,152,js,584592ee,Artien Voskanian,2025-10-31,19:51:44,-07:00,2025-10-31T19:51:44-07:00,3,46
global.js,153,js,584592ee,Artien Voskanian,2025-10-31,19:51:44,-07:00,2025-10-31T19:51:44-07:00,3,6
global.js,154,js,584592ee,Artien Voskanian,2025-10-31,19:51:44,-07:00,2025-10-31T19:51:44-07:00,0,0
global.js,155,js,088b89a6,Artien Voskanian,2025-10-24,23:07:57,-07:00,2025-10-24T23:07:57-07:00,2,19
global.js,156,js,584592ee,Artien Voskanian,2025-10-31,19:51:44,-07:00,2025-10-31T19:51:44-07:00,3,29
global.js,157,js,088b89a6,Artien Voskanian,2025-10-24,23:07:57,-07:00,2025-10-24T23:07:57-07:00,3,10
global.js,158,js,088b89a6,Artien Voskanian,2025-10-24,23:07:57,-07:00,2025-10-24T23:07:57-07:00,3,12
global.js,159,js,088b89a6,Artien Voskanian,2025-10-24,23:07:57,-07:00,2025-10-24T23:07:57-07:00,2,0
global.js,160,js,088b89a6,Artien Voskanian,2025-10-24,23:07:57,-07:00,2025-10-24T23:07:57-07:00,0,0
global.js,161,js,088b89a6,Artien Voskanian,2025-10-24,23:07:57,-07:00,2025-10-24T23:07:57-07:00,2,36
global.js,162,js,088b89a6,Artien Voskanian,2025-10-24,23:07:57,-07:00,2025-10-24T23:07:57-07:00,1,0
global.js,163,js,088b89a6,Artien Voskanian,2025-10-24,23:07:57,-07:00,2025-10-24T23:07:57-07:00,0,0
global.js,164,js,088b89a6,Artien Voskanian,2025-10-24,23:07:57,-07:00,2025-10-24T23:07:57-07:00,0,0
global.js,165,js,584592ee,Artien Voskanian,2025-10-31,19:51:44,-07:00,2025-10-31T19:51:44-07:00,0,0
global.js,166,js,088b89a6,Artien Voskanian,2025-10-24,23:07:57,-07:00,2025-10-24T23:07:57-07:00,0,10
global.js,167,js,088b89a6,Artien Voskanian,2025-10-24,23:07:57,-07:00,2025-10-24T23:07:57-07:00,0,47
global.js,168,js,088b89a6,Artien Voskanian,2025-10-24,23:07:57,-07:00,2025-10-24T23:07:57-07:00,1,59
global.js,169,js,088b89a6,Artien Voskanian,2025-10-24,23:07:57,-07:00,2025-10-24T23:07:57-07:00,0,0
projects\projects.js,1,js,088b89a6,Artien Voskanian,2025-10-24,23:07:57,-07:00,2025-10-24T23:07:57-07:00,0,55
projects\projects.js,2,js,088b89a6,Artien Voskanian,2025-10-24,23:07:57,-07:00,2025-10-24T23:07:57-07:00,0,0
projects\projects.js,3,js,584592ee,Artien Voskanian,2025-10-31,19:51:44,-07:00,2025-10-31T19:51:44-07:00,0,51
projects\projects.js,4,js,584592ee,Artien Voskanian,2025-10-31,19:51:44,-07:00,2025-10-31T19:51:44-07:00,0,55
projects\projects.js,5,js,584592ee,Artien Voskanian,2025-10-31,19:51:44,-07:00,2025-10-31T19:51:44-07:00,0,63
projects\projects.js,6,js,088b89a6,Artien Voskanian,2025-10-24,23:07:57,-07:00,2025-10-24T23:07:57-07:00,0,0
projects\projects.js,7,js,584592ee,Artien Voskanian,2025-10-31,19:51:44,-07:00,2025-10-31T19:51:44-07:00,0,50
projects\projects.js,8,js,088b89a6,Artien Voskanian,2025-10-24,23:07:57,-07:00,2025-10-24T23:07:57-07:00,0,56
projects\projects.js,9,js,584592ee,Artien Voskanian,2025-10-31,19:51:44,-07:00,2025-10-31T19:51:44-07:00,0,60
projects\projects.js,10,js,584592ee,Artien Voskanian,2025-10-31,19:51:44,-07:00,2025-10-31T19:51:44-07:00,0,60
projects\projects.js,11,js,584592ee,Artien Voskanian,2025-10-31,19:51:44,-07:00,2025-10-31T19:51:44-07:00,0,42
projects\projects.js,12,js,584592ee,Artien Voskanian,2025-10-31,19:51:44,-07:00,2025-10-31T19:51:44-07:00,0,58
projects\projects.js,13,js,584592ee,Artien Voskanian,2025-10-31,19:51:44,-07:00,2025-10-31T19:51:44-07:00,0,0
projects\projects.js,14,js,584592ee,Artien Voskanian,2025-10-31,19:51:44,-07:00,2025-10-31T19:51:44-07:00,0,52
projects\projects.js,15,js,088b89a6,Artien Voskanian,2025-10-24,23:07:57,-07:00,2025-10-24T23:07:57-07:00,0,12
projects\projects.js,16,js,088b89a6,Artien Voskanian,2025-10-24,23:07:57,-07:00,2025-10-24T23:07:57-07:00,1,52
projects\projects.js,17,js,584592ee,Artien Voskanian,2025-10-31,19:51:44,-07:00,2025-10-31T19:51:44-07:00,1,44
projects\projects.js,18,js,088b89a6,Artien Voskanian,2025-10-24,23:07:57,-07:00,2025-10-24T23:07:57-07:00,0,0
projects\projects.js,19,js,088b89a6,Artien Voskanian,2025-10-24,23:07:57,-07:00,2025-10-24T23:07:57-07:00,0,0
projects\projects.js,20,js,584592ee,Artien Voskanian,2025-10-31,19:51:44,-07:00,2025-10-31T19:51:44-07:00,0,47
projects\projects.js,21,js,584592ee,Artien Voskanian,2025-10-31,19:51:44,-07:00,2025-10-31T19:51:44-07:00,0,44
projects\projects.js,22,js,584592ee,Artien Voskanian,2025-10-31,19:51:44,-07:00,2025-10-31T19:51:44-07:00,0,49
projects\projects.js,23,js,584592ee,Artien Voskanian,2025-10-31,19:51:44,-07:00,2025-10-31T19:51:44-07:00,0,0
projects\projects.js,24,js,584592ee,Artien Voskanian,2025-10-31,19:51:44,-07:00,2025-10-31T19:51:44-07:00,0,48
projects\projects.js,25,js,584592ee,Artien Voskanian,2025-10-31,19:51:44,-07:00,2025-10-31T19:51:44-07:00,0,23
projects\projects.js,26,js,584592ee,Artien Voskanian,2025-10-31,19:51:44,-07:00,2025-10-31T19:51:44-07:00,0,55
projects\projects.js,27,js,584592ee,Artien Voskanian,2025-10-31,19:51:44,-07:00,2025-10-31T19:51:44-07:00,0,45
projects\projects.js,28,js,584592ee,Artien Voskanian,2025-10-31,19:51:44,-07:00,2025-10-31T19:51:44-07:00,0,0
projects\projects.js,29,js,584592ee,Artien Voskanian,2025-10-31,19:51:44,-07:00,2025-10-31T19:51:44-07:00,0,39
projects\projects.js,30,js,584592ee,Artien Voskanian,2025-10-31,19:51:44,-07:00,2025-10-31T19:51:44-07:00,1,31
projects\projects.js,31,js,584592ee,Artien Voskanian,2025-10-31,19:51:44,-07:00,2025-10-31T19:51:44-07:00,1,39
projects\projects.js,32,js,584592ee,Artien Voskanian,2025-10-31,19:51:44,-07:00,2025-10-31T19:51:44-07:00,0,0
projects\projects.js,33,js,584592ee,Artien Voskanian,2025-10-31,19:51:44,-07:00,2025-10-31T19:51:44-07:00,0,0
projects\projects.js,34,js,584592ee,Artien Voskanian,2025-10-31,19:51:44,-07:00,2025-10-31T19:51:44-07:00,0,49
projects\projects.js,35,js,584592ee,Artien Voskanian,2025-10-31,19:51:44,-07:00,2025-10-31T19:51:44-07:00,0,0
projects\projects.js,36,js,584592ee,Artien Voskanian,2025-10-31,19:51:44,-07:00,2025-10-31T19:51:44-07:00,0,49
projects\projects.js,37,js,584592ee,Artien Voskanian,2025-10-31,19:51:44,-07:00,2025-10-31T19:51:44-07:00,0,23
projects\projects.js,38,js,584592ee,Artien Voskanian,2025-10-31,19:51:44,-07:00,2025-10-31T19:51:44-07:00,0,20
projects\projects.js,39,js,584592ee,Artien Voskanian,2025-10-31,19:51:44,-07:00,2025-10-31T19:51:44-07:00,0,29
projects\projects.js,40,js,584592ee,Artien Voskanian,2025-10-31,19:51:44,-07:00,2025-10-31T19:51:44-07:00,1,27
projects\projects.js,41,js,584592ee,Artien Voskanian,2025-10-31,19:51:44,-07:00,2025-10-31T19:51:44-07:00,1,29
projects\projects.js,42,js,584592ee,Artien Voskanian,2025-10-31,19:51:44,-07:00,2025-10-31T19:51:44-07:00,2,16
projects\projects.js,43,js,584592ee,Artien Voskanian,2025-10-31,19:51:44,-07:00,2025-10-31T19:51:44-07:00,2,44
projects\projects.js,44,js,584592ee,Artien Voskanian,2025-10-31,19:51:44,-07:00,2025-10-31T19:51:44-07:00,0,0
projects\projects.js,45,js,584592ee,Artien Voskanian,2025-10-31,19:51:44,-07:00,2025-10-31T19:51:44-07:00,1,20
projects\projects.js,46,js,584592ee,Artien Voskanian,2025-10-31,19:51:44,-07:00,2025-10-31T19:51:44-07:00,1,41
projects\projects.js,47,js,584592ee,Artien Voskanian,2025-10-31,19:51:44,-07:00,2025-10-31T19:51:44-07:00,1,6
projects\projects.js,48,js,584592ee,Artien Voskanian,2025-10-31,19:51:44,-07:00,2025-10-31T19:51:44-07:00,2,27
projects\projects.js,49,js,584592ee,Artien Voskanian,2025-10-31,19:51:44,-07:00,2025-10-31T19:51:44-07:00,3,42
projects\projects.js,50,js,584592ee,Artien Voskanian,2025-10-31,19:51:44,-07:00,2025-10-31T19:51:44-07:00,3,48
projects\projects.js,51,js,584592ee,Artien Voskanian,2025-10-31,19:51:44,-07:00,2025-10-31T19:51:44-07:00,3,43
projects\projects.js,52,js,584592ee,Artien Voskanian,2025-10-31,19:51:44,-07:00,2025-10-31T19:51:44-07:00,2,1
projects\projects.js,53,js,584592ee,Artien Voskanian,2025-10-31,19:51:44,-07:00,2025-10-31T19:51:44-07:00,1,0
projects\projects.js,54,js,584592ee,Artien Voskanian,2025-10-31,19:51:44,-07:00,2025-10-31T19:51:44-07:00,0,0
projects\projects.js,55,js,584592ee,Artien Voskanian,2025-10-31,19:51:44,-07:00,2025-10-31T19:51:44-07:00,1,12
projects\projects.js,56,js,584592ee,Artien Voskanian,2025-10-31,19:51:44,-07:00,2025-10-31T19:51:44-07:00,0,0
projects\projects.js,57,js,584592ee,Artien Voskanian,2025-10-31,19:51:44,-07:00,2025-10-31T19:51:44-07:00,0,0
projects\projects.js,58,js,584592ee,Artien Voskanian,2025-10-31,19:51:44,-07:00,2025-10-31T19:51:44-07:00,0,43
projects\projects.js,59,js,584592ee,Artien Voskanian,2025-10-31,19:51:44,-07:00,2025-10-31T19:51:44-07:00,0,36
projects\projects.js,60,js,584592ee,Artien Voskanian,2025-10-31,19:51:44,-07:00,2025-10-31T19:51:44-07:00,1,29
projects\projects.js,61,js,584592ee,Artien Voskanian,2025-10-31,19:51:44,-07:00,2025-10-31T19:51:44-07:00,1,24
projects\projects.js,62,js,584592ee,Artien Voskanian,2025-10-31,19:51:44,-07:00,2025-10-31T19:51:44-07:00,2,18
projects\projects.js,63,js,584592ee,Artien Voskanian,2025-10-31,19:51:44,-07:00,2025-10-31T19:51:44-07:00,2,42
projects\projects.js,64,js,584592ee,Artien Voskanian,2025-10-31,19:51:44,-07:00,2025-10-31T19:51:44-07:00,2,50
projects\projects.js,65,js,584592ee,Artien Voskanian,2025-10-31,19:51:44,-07:00,2025-10-31T19:51:44-07:00,1,0
projects\projects.js,66,js,584592ee,Artien Voskanian,2025-10-31,19:51:44,-07:00,2025-10-31T19:51:44-07:00,1,85
projects\projects.js,67,js,584592ee,Artien Voskanian,2025-10-31,19:51:44,-07:00,2025-10-31T19:51:44-07:00,1,67
projects\projects.js,68,js,584592ee,Artien Voskanian,2025-10-31,19:51:44,-07:00,2025-10-31T19:51:44-07:00,2,31
projects\projects.js,69,js,584592ee,Artien Voskanian,2025-10-31,19:51:44,-07:00,2025-10-31T19:51:44-07:00,0,0
projects\projects.js,70,js,584592ee,Artien Voskanian,2025-10-31,19:51:44,-07:00,2025-10-31T19:51:44-07:00,0,0
projects\projects.js,71,js,584592ee,Artien Voskanian,2025-10-31,19:51:44,-07:00,2025-10-31T19:51:44-07:00,0,57
projects\projects.js,72,js,584592ee,Artien Voskanian,2025-10-31,19:51:44,-07:00,2025-10-31T19:51:44-07:00,0,0
projects\projects.js,73,js,584592ee,Artien Voskanian,2025-10-31,19:51:44,-07:00,2025-10-31T19:51:44-07:00,0,17
projects\projects.js,74,js,584592ee,Artien Voskanian,2025-10-31,19:51:44,-07:00,2025-10-31T19:51:44-07:00,0,39
projects\projects.js,75,js,584592ee,Artien Voskanian,2025-10-31,19:51:44,-07:00,2025-10-31T19:51:44-07:00,0,0
projects\projects.js,76,js,584592ee,Artien Voskanian,2025-10-31,19:51:44,-07:00,2025-10-31T19:51:44-07:00,0,40
projects\projects.js,77,js,584592ee,Artien Voskanian,2025-10-31,19:51:44,-07:00,2025-10-31T19:51:44-07:00,0,22
projects\projects.js,78,js,584592ee,Artien Voskanian,2025-10-31,19:51:44,-07:00,2025-10-31T19:51:44-07:00,1,13
projects\projects.js,79,js,584592ee,Artien Voskanian,2025-10-31,19:51:44,-07:00,2025-10-31T19:51:44-07:00,1,15
projects\projects.js,80,js,584592ee,Artien Voskanian,2025-10-31,19:51:44,-07:00,2025-10-31T19:51:44-07:00,0,0
projects\projects.js,81,js,584592ee,Artien Voskanian,2025-10-31,19:51:44,-07:00,2025-10-31T19:51:44-07:00,0,26
projects\projects.js,82,js,584592ee,Artien Voskanian,2025-10-31,19:51:44,-07:00,2025-10-31T19:51:44-07:00,1,13
projects\projects.js,83,js,584592ee,Artien Voskanian,2025-10-31,19:51:44,-07:00,2025-10-31T19:51:44-07:00,1,15
projects\projects.js,84,js,584592ee,Artien Voskanian,2025-10-31,19:51:44,-07:00,2025-10-31T19:51:44-07:00,0,0
projects\projects.js,85,js,584592ee,Artien Voskanian,2025-10-31,19:51:44,-07:00,2025-10-31T19:51:44-07:00,0,72
projects\projects.js,86,js,584592ee,Artien Voskanian,2025-10-31,19:51:44,-07:00,2025-10-31T19:51:44-07:00,0,33
projects\projects.js,87,js,584592ee,Artien Voskanian,2025-10-31,19:51:44,-07:00,2025-10-31T19:51:44-07:00,0,33
projects\projects.js,88,js,584592ee,Artien Voskanian,2025-10-31,19:51:44,-07:00,2025-10-31T19:51:44-07:00,0,0
projects\projects.js,89,js,584592ee,Artien Voskanian,2025-10-31,19:51:44,-07:00,2025-10-31T19:51:44-07:00,0,60
projects\projects.js,90,js,584592ee,Artien Voskanian,2025-10-31,19:51:44,-07:00,2025-10-31T19:51:44-07:00,0,0
projects\projects.js,91,js,584592ee,Artien Voskanian,2025-10-31,19:51:44,-07:00,2025-10-31T19:51:44-07:00,0,21
projects\projects.js,92,js,584592ee,Artien Voskanian,2025-10-31,19:51:44,-07:00,2025-10-31T19:51:44-07:00,1,64
projects\projects.js,93,js,584592ee,Artien Voskanian,2025-10-31,19:51:44,-07:00,2025-10-31T19:51:44-07:00,1,43
projects\projects.js,94,js,584592ee,Artien Voskanian,2025-10-31,19:51:44,-07:00,2025-10-31T19:51:44-07:00,0,0
projects\projects.js,95,js,584592ee,Artien Voskanian,2025-10-31,19:51:44,-07:00,2025-10-31T19:51:44-07:00,1,42
projects\projects.js,96,js,584592ee,Artien Voskanian,2025-10-31,19:51:44,-07:00,2025-10-31T19:51:44-07:00,1,61
projects\projects.js,97,js,584592ee,Artien Voskanian,2025-10-31,19:51:44,-07:00,2025-10-31T19:51:44-07:00,1,89
projects\projects.js,98,js,584592ee,Artien Voskanian,2025-10-31,19:51:44,-07:00,2025-10-31T19:51:44-07:00,0,0
projects\projects.js,99,js,584592ee,Artien Voskanian,2025-10-31,19:51:44,-07:00,2025-10-31T19:51:44-07:00,1,36
projects\projects.js,100,js,584592ee,Artien Voskanian,2025-10-31,19:51:44,-07:00,2025-10-31T19:51:44-07:00,1,55
projects\projects.js,101,js,584592ee,Artien Voskanian,2025-10-31,19:51:44,-07:00,2025-10-31T19:51:44-07:00,0,0
projects\projects.js,102,js,584592ee,Artien Voskanian,2025-10-31,19:51:44,-07:00,2025-10-31T19:51:44-07:00,1,57
projects\projects.js,103,js,584592ee,Artien Voskanian,2025-10-31,19:51:44,-07:00,2025-10-31T19:51:44-07:00,1,44
projects\projects.js,104,js,584592ee,Artien Voskanian,2025-10-31,19:51:44,-07:00,2025-10-31T19:51:44-07:00,1,13
projects\projects.js,105,js,584592ee,Artien Voskanian,2025-10-31,19:51:44,-07:00,2025-10-31T19:51:44-07:00,2,22
projects\projects.js,106,js,584592ee,Artien Voskanian,2025-10-31,19:51:44,-07:00,2025-10-31T19:51:44-07:00,0,0
projects\projects.js,107,js,584592ee,Artien Voskanian,2025-10-31,19:51:44,-07:00,2025-10-31T19:51:44-07:00,2,16
projects\projects.js,108,js,584592ee,Artien Voskanian,2025-10-31,19:51:44,-07:00,2025-10-31T19:51:44-07:00,2,43
projects\projects.js,109,js,584592ee,Artien Voskanian,2025-10-31,19:51:44,-07:00,2025-10-31T19:51:44-07:00,2,40
projects\projects.js,110,js,584592ee,Artien Voskanian,2025-10-31,19:51:44,-07:00,2025-10-31T19:51:44-07:00,2,23
projects\projects.js,111,js,584592ee,Artien Voskanian,2025-10-31,19:51:44,-07:00,2025-10-31T19:51:44-07:00,2,47
projects\projects.js,112,js,584592ee,Artien Voskanian,2025-10-31,19:51:44,-07:00,2025-10-31T19:51:44-07:00,2,45
projects\projects.js,113,js,584592ee,Artien Voskanian,2025-10-31,19:51:44,-07:00,2025-10-31T19:51:44-07:00,2,46
projects\projects.js,114,js,584592ee,Artien Voskanian,2025-10-31,19:51:44,-07:00,2025-10-31T19:51:44-07:00,2,37
projects\projects.js,115,js,584592ee,Artien Voskanian,2025-10-31,19:51:44,-07:00,2025-10-31T19:51:44-07:00,2,46
projects\projects.js,116,js,584592ee,Artien Voskanian,2025-10-31,19:51:44,-07:00,2025-10-31T19:51:44-07:00,2,61
projects\projects.js,117,js,584592ee,Artien Voskanian,2025-10-31,19:51:44,-07:00,2025-10-31T19:51:44-07:00,2,33
projects\projects.js,118,js,584592ee,Artien Voskanian,2025-10-31,19:51:44,-07:00,2025-10-31T19:51:44-07:00,2,22
projects\projects.js,119,js,584592ee,Artien Voskanian,2025-10-31,19:51:44,-07:00,2025-10-31T19:51:44-07:00,0,0
projects\projects.js,120,js,584592ee,Artien Voskanian,2025-10-31,19:51:44,-07:00,2025-10-31T19:51:44-07:00,2,25
projects\projects.js,121,js,584592ee,Artien Voskanian,2025-10-31,19:51:44,-07:00,2025-10-31T19:51:44-07:00,2,36
projects\projects.js,122,js,584592ee,Artien Voskanian,2025-10-31,19:51:44,-07:00,2025-10-31T19:51:44-07:00,3,40
projects\projects.js,123,js,584592ee,Artien Voskanian,2025-10-31,19:51:44,-07:00,2025-10-31T19:51:44-07:00,3,37
projects\projects.js,124,js,584592ee,Artien Voskanian,2025-10-31,19:51:44,-07:00,2025-10-31T19:51:44-07:00,3,35
projects\projects.js,125,js,584592ee,Artien Voskanian,2025-10-31,19:51:44,-07:00,2025-10-31T19:51:44-07:00,0,0
projects\projects.js,126,js,584592ee,Artien Voskanian,2025-10-31,19:51:44,-07:00,2025-10-31T19:51:44-07:00,3,44
projects\projects.js,127,js,584592ee,Artien Voskanian,2025-10-31,19:51:44,-07:00,2025-10-31T19:51:44-07:00,3,42
projects\projects.js,128,js,584592ee,Artien Voskanian,2025-10-31,19:51:44,-07:00,2025-10-31T19:51:44-07:00,0,0
projects\projects.js,129,js,584592ee,Artien Voskanian,2025-10-31,19:51:44,-07:00,2025-10-31T19:51:44-07:00,3,21
projects\projects.js,130,js,584592ee,Artien Voskanian,2025-10-31,19:51:44,-07:00,2025-10-31T19:51:44-07:00,3,63
projects\projects.js,131,js,584592ee,Artien Voskanian,2025-10-31,19:51:44,-07:00,2025-10-31T19:51:44-07:00,3,60
projects\projects.js,132,js,584592ee,Artien Voskanian,2025-10-31,19:51:44,-07:00,2025-10-31T19:51:44-07:00,3,33
projects\projects.js,133,js,584592ee,Artien Voskanian,2025-10-31,19:51:44,-07:00,2025-10-31T19:51:44-07:00,0,0
projects\projects.js,134,js,584592ee,Artien Voskanian,2025-10-31,19:51:44,-07:00,2025-10-31T19:51:44-07:00,3,43
projects\projects.js,135,js,584592ee,Artien Voskanian,2025-10-31,19:51:44,-07:00,2025-10-31T19:51:44-07:00,3,49
projects\projects.js,136,js,584592ee,Artien Voskanian,2025-10-31,19:51:44,-07:00,2025-10-31T19:51:44-07:00,0,0
projects\projects.js,137,js,584592ee,Artien Voskanian,2025-10-31,19:51:44,-07:00,2025-10-31T19:51:44-07:00,3,24
projects\projects.js,138,js,584592ee,Artien Voskanian,2025-10-31,19:51:44,-07:00,2025-10-31T19:51:44-07:00,3,19
projects\projects.js,139,js,584592ee,Artien Voskanian,2025-10-31,19:51:44,-07:00,2025-10-31T19:51:44-07:00,0,0
projects\projects.js,140,js,584592ee,Artien Voskanian,2025-10-31,19:51:44,-07:00,2025-10-31T19:51:44-07:00,3,54
projects\projects.js,141,js,584592ee,Artien Voskanian,2025-10-31,19:51:44,-07:00,2025-10-31T19:51:44-07:00,3,13
projects\projects.js,142,js,584592ee,Artien Voskanian,2025-10-31,19:51:44,-07:00,2025-10-31T19:51:44-07:00,4,29
projects\projects.js,143,js,584592ee,Artien Voskanian,2025-10-31,19:51:44,-07:00,2025-10-31T19:51:44-07:00,3,0
projects\projects.js,144,js,584592ee,Artien Voskanian,2025-10-31,19:51:44,-07:00,2025-10-31T19:51:44-07:00,2,1
projects\projects.js,145,js,584592ee,Artien Voskanian,2025-10-31,19:51:44,-07:00,2025-10-31T19:51:44-07:00,0,0
projects\projects.js,146,js,584592ee,Artien Voskanian,2025-10-31,19:51:44,-07:00,2025-10-31T19:51:44-07:00,2,41
projects\projects.js,147,js,584592ee,Artien Voskanian,2025-10-31,19:51:44,-07:00,2025-10-31T19:51:44-07:00,2,25
projects\projects.js,148,js,584592ee,Artien Voskanian,2025-10-31,19:51:44,-07:00,2025-10-31T19:51:44-07:00,3,52
projects\projects.js,149,js,584592ee,Artien Voskanian,2025-10-31,19:51:44,-07:00,2025-10-31T19:51:44-07:00,3,15
projects\projects.js,150,js,584592ee,Artien Voskanian,2025-10-31,19:51:44,-07:00,2025-10-31T19:51:44-07:00,3,29
projects\projects.js,151,js,584592ee,Artien Voskanian,2025-10-31,19:51:44,-07:00,2025-10-31T19:51:44-07:00,3,48
projects\projects.js,152,js,584592ee,Artien Voskanian,2025-10-31,19:51:44,-07:00,2025-10-31T19:51:44-07:00,0,0
projects\projects.js,153,js,584592ee,Artien Voskanian,2025-10-31,19:51:44,-07:00,2025-10-31T19:51:44-07:00,3,51
projects\projects.js,154,js,584592ee,Artien Voskanian,2025-10-31,19:51:44,-07:00,2025-10-31T19:51:44-07:00,3,49
projects\projects.js,155,js,584592ee,Artien Voskanian,2025-10-31,19:51:44,-07:00,2025-10-31T19:51:44-07:00,0,0
projects\projects.js,156,js,584592ee,Artien Voskanian,2025-10-31,19:51:44,-07:00,2025-10-31T19:51:44-07:00,3,86
projects\projects.js,157,js,584592ee,Artien Voskanian,2025-10-31,19:51:44,-07:00,2025-10-31T19:51:44-07:00,3,11
projects\projects.js,158,js,584592ee,Artien Voskanian,2025-10-31,19:51:44,-07:00,2025-10-31T19:51:44-07:00,2,0
projects\projects.js,159,js,584592ee,Artien Voskanian,2025-10-31,19:51:44,-07:00,2025-10-31T19:51:44-07:00,1,0
projects\projects.js,160,js,584592ee,Artien Voskanian,2025-10-31,19:51:44,-07:00,2025-10-31T19:51:44-07:00,0,0
projects\projects.js,161,js,584592ee,Artien Voskanian,2025-10-31,19:51:44,-07:00,2025-10-31T19:51:44-07:00,1,38
projects\projects.js,162,js,584592ee,Artien Voskanian,2025-10-31,19:51:44,-07:00,2025-10-31T19:51:44-07:00,0,0
projects\projects.js,163,js,584592ee,Artien Voskanian,2025-10-31,19:51:44,-07:00,2025-10-31T19:51:44-07:00,1,10
projects\projects.js,164,js,584592ee,Artien Voskanian,2025-10-31,19:51:44,-07:00,2025-10-31T19:51:44-07:00,1,28
projects\projects.js,165,js,584592ee,Artien Voskanian,2025-10-31,19:51:44,-07:00,2025-10-31T19:51:44-07:00,2,66
projects\projects.js,166,js,584592ee,Artien Voskanian,2025-10-31,19:51:44,-07:00,2025-10-31T19:51:44-07:00,0,0
projects\projects.js,167,js,584592ee,Artien Voskanian,2025-10-31,19:51:44,-07:00,2025-10-31T19:51:44-07:00,1,16
projects\projects.js,168,js,584592ee,Artien Voskanian,2025-10-31,19:51:44,-07:00,2025-10-31T19:51:44-07:00,1,21
projects\projects.js,169,js,584592ee,Artien Voskanian,2025-10-31,19:51:44,-07:00,2025-10-31T19:51:44-07:00,0,0
projects\projects.js,170,js,584592ee,Artien Voskanian,2025-10-31,19:51:44,-07:00,2025-10-31T19:51:44-07:00,1,17
projects\projects.js,171,js,584592ee,Artien Voskanian,2025-10-31,19:51:44,-07:00,2025-10-31T19:51:44-07:00,1,47
projects\projects.js,172,js,584592ee,Artien Voskanian,2025-10-31,19:51:44,-07:00,2025-10-31T19:51:44-07:00,2,34
projects\projects.js,173,js,584592ee,Artien Voskanian,2025-10-31,19:51:44,-07:00,2025-10-31T19:51:44-07:00,2,18
projects\projects.js,174,js,584592ee,Artien Voskanian,2025-10-31,19:51:44,-07:00,2025-10-31T19:51:44-07:00,0,0
projects\projects.js,175,js,584592ee,Artien Voskanian,2025-10-31,19:51:44,-07:00,2025-10-31T19:51:44-07:00,1,43
projects\projects.js,176,js,584592ee,Artien Voskanian,2025-10-31,19:51:44,-07:00,2025-10-31T19:51:44-07:00,1,32
projects\projects.js,177,js,584592ee,Artien Voskanian,2025-10-31,19:51:44,-07:00,2025-10-31T19:51:44-07:00,2,20
projects\projects.js,178,js,584592ee,Artien Voskanian,2025-10-31,19:51:44,-07:00,2025-10-31T19:51:44-07:00,3,65
projects\projects.js,179,js,584592ee,Artien Voskanian,2025-10-31,19:51:44,-07:00,2025-10-31T19:51:44-07:00,0,0
projects\projects.js,180,js,584592ee,Artien Voskanian,2025-10-31,19:51:44,-07:00,2025-10-31T19:51:44-07:00,3,54
projects\projects.js,181,js,584592ee,Artien Voskanian,2025-10-31,19:51:44,-07:00,2025-10-31T19:51:44-07:00,3,13
projects\projects.js,182,js,584592ee,Artien Voskanian,2025-10-31,19:51:44,-07:00,2025-10-31T19:51:44-07:00,4,30
projects\projects.js,183,js,584592ee,Artien Voskanian,2025-10-31,19:51:44,-07:00,2025-10-31T19:51:44-07:00,4,29
projects\projects.js,184,js,584592ee,Artien Voskanian,2025-10-31,19:51:44,-07:00,2025-10-31T19:51:44-07:00,4,33
projects\projects.js,185,js,584592ee,Artien Voskanian,2025-10-31,19:51:44,-07:00,2025-10-31T19:51:44-07:00,0,0
projects\projects.js,186,js,584592ee,Artien Voskanian,2025-10-31,19:51:44,-07:00,2025-10-31T19:51:44-07:00,3,38
projects\projects.js,187,js,584592ee,Artien Voskanian,2025-10-31,19:51:44,-07:00,2025-10-31T19:51:44-07:00,3,13
projects\projects.js,188,js,584592ee,Artien Voskanian,2025-10-31,19:51:44,-07:00,2025-10-31T19:51:44-07:00,4,44
projects\projects.js,189,js,584592ee,Artien Voskanian,2025-10-31,19:51:44,-07:00,2025-10-31T19:51:44-07:00,0,0
projects\projects.js,190,js,584592ee,Artien Voskanian,2025-10-31,19:51:44,-07:00,2025-10-31T19:51:44-07:00,3,56
projects\projects.js,191,js,584592ee,Artien Voskanian,2025-10-31,19:51:44,-07:00,2025-10-31T19:51:44-07:00,3,13
projects\projects.js,192,js,584592ee,Artien Voskanian,2025-10-31,19:51:44,-07:00,2025-10-31T19:51:44-07:00,4,49
projects\projects.js,193,js,584592ee,Artien Voskanian,2025-10-31,19:51:44,-07:00,2025-10-31T19:51:44-07:00,2,1
projects\projects.js,194,js,584592ee,Artien Voskanian,2025-10-31,19:51:44,-07:00,2025-10-31T19:51:44-07:00,0,0
projects\projects.js,195,js,584592ee,Artien Voskanian,2025-10-31,19:51:44,-07:00,2025-10-31T19:51:44-07:00,1,65
projects\projects.js,196,js,584592ee,Artien Voskanian,2025-10-31,19:51:44,-07:00,2025-10-31T19:51:44-07:00,1,24
projects\projects.js,197,js,584592ee,Artien Voskanian,2025-10-31,19:51:44,-07:00,2025-10-31T19:51:44-07:00,2,62
projects\projects.js,198,js,584592ee,Artien Voskanian,2025-10-31,19:51:44,-07:00,2025-10-31T19:51:44-07:00,1,0
projects\projects.js,199,js,584592ee,Artien Voskanian,2025-10-31,19:51:44,-07:00,2025-10-31T19:51:44-07:00,0,0
projects\projects.js,200,js,584592ee,Artien Voskanian,2025-10-31,19:51:44,-07:00,2025-10-31T19:51:44-07:00,1,54
projects\projects.js,201,js,584592ee,Artien Voskanian,2025-10-31,19:51:44,-07:00,2025-10-31T19:51:44-07:00,0,0
projects\projects.js,202,js,584592ee,Artien Voskanian,2025-10-31,19:51:44,-07:00,2025-10-31T19:51:44-07:00,1,28
projects\projects.js,203,js,584592ee,Artien Voskanian,2025-10-31,19:51:44,-07:00,2025-10-31T19:51:44-07:00,2,31
projects\projects.js,204,js,584592ee,Artien Voskanian,2025-10-31,19:51:44,-07:00,2025-10-31T19:51:44-07:00,0,0
projects\projects.js,205,js,584592ee,Artien Voskanian,2025-10-31,19:51:44,-07:00,2025-10-31T19:51:44-07:00,1,21
projects\projects.js,206,js,584592ee,Artien Voskanian,2025-10-31,19:51:44,-07:00,2025-10-31T19:51:44-07:00,0,0
projects\projects.js,207,js,584592ee,Artien Voskanian,2025-10-31,19:51:44,-07:00,2025-10-31T19:51:44-07:00,1,47
projects\projects.js,208,js,584592ee,Artien Voskanian,2025-10-31,19:51:44,-07:00,2025-10-31T19:51:44-07:00,2,28
projects\projects.js,209,js,584592ee,Artien Voskanian,2025-10-31,19:51:44,-07:00,2025-10-31T19:51:44-07:00,2,23
projects\projects.js,210,js,584592ee,Artien Voskanian,2025-10-31,19:51:44,-07:00,2025-10-31T19:51:44-07:00,2,23
projects\projects.js,211,js,584592ee,Artien Voskanian,2025-10-31,19:51:44,-07:00,2025-10-31T19:51:44-07:00,2,20
projects\projects.js,212,js,584592ee,Artien Voskanian,2025-10-31,19:51:44,-07:00,2025-10-31T19:51:44-07:00,2,22
projects\projects.js,213,js,584592ee,Artien Voskanian,2025-10-31,19:51:44,-07:00,2025-10-31T19:51:44-07:00,2,24
projects\projects.js,214,js,584592ee,Artien Voskanian,2025-10-31,19:51:44,-07:00,2025-10-31T19:51:44-07:00,2,28
projects\projects.js,215,js,584592ee,Artien Voskanian,2025-10-31,19:51:44,-07:00,2025-10-31T19:51:44-07:00,2,30
projects\projects.js,216,js,584592ee,Artien Voskanian,2025-10-31,19:51:44,-07:00,2025-10-31T19:51:44-07:00,0,0
projects\projects.js,217,js,584592ee,Artien Voskanian,2025-10-31,19:51:44,-07:00,2025-10-31T19:51:44-07:00,1,32
projects\projects.js,218,js,584592ee,Artien Voskanian,2025-10-31,19:51:44,-07:00,2025-10-31T19:51:44-07:00,2,43
projects\projects.js,219,js,584592ee,Artien Voskanian,2025-10-31,19:51:44,-07:00,2025-10-31T19:51:44-07:00,2,23
projects\projects.js,220,js,584592ee,Artien Voskanian,2025-10-31,19:51:44,-07:00,2025-10-31T19:51:44-07:00,3,61
projects\projects.js,221,js,584592ee,Artien Voskanian,2025-10-31,19:51:44,-07:00,2025-10-31T19:51:44-07:00,3,33
projects\projects.js,222,js,584592ee,Artien Voskanian,2025-10-31,19:51:44,-07:00,2025-10-31T19:51:44-07:00,3,29
projects\projects.js,223,js,584592ee,Artien Voskanian,2025-10-31,19:51:44,-07:00,2025-10-31T19:51:44-07:00,2,1
projects\projects.js,224,js,584592ee,Artien Voskanian,2025-10-31,19:51:44,-07:00,2025-10-31T19:51:44-07:00,0,0
projects\projects.js,225,js,584592ee,Artien Voskanian,2025-10-31,19:51:44,-07:00,2025-10-31T19:51:44-07:00,1,42
projects\projects.js,226,js,584592ee,Artien Voskanian,2025-10-31,19:51:44,-07:00,2025-10-31T19:51:44-07:00,1,53
projects\projects.js,227,js,584592ee,Artien Voskanian,2025-10-31,19:51:44,-07:00,2025-10-31T19:51:44-07:00,1,48
projects\projects.js,228,js,584592ee,Artien Voskanian,2025-10-31,19:51:44,-07:00,2025-10-31T19:51:44-07:00,0,0
projects\projects.js,229,js,584592ee,Artien Voskanian,2025-10-31,19:51:44,-07:00,2025-10-31T19:51:44-07:00,1,4
projects\projects.js,230,js,584592ee,Artien Voskanian,2025-10-31,19:51:44,-07:00,2025-10-31T19:51:44-07:00,2,37
projects\projects.js,231,js,584592ee,Artien Voskanian,2025-10-31,19:51:44,-07:00,2025-10-31T19:51:44-07:00,3,63
projects\projects.js,232,js,584592ee,Artien Voskanian,2025-10-31,19:51:44,-07:00,2025-10-31T19:51:44-07:00,0,0
projects\projects.js,233,js,584592ee,Artien Voskanian,2025-10-31,19:51:44,-07:00,2025-10-31T19:51:44-07:00,3,30
projects\projects.js,234,js,584592ee,Artien Voskanian,2025-10-31,19:51:44,-07:00,2025-10-31T19:51:44-07:00,0,0
projects\projects.js,235,js,584592ee,Artien Voskanian,2025-10-31,19:51:44,-07:00,2025-10-31T19:51:44-07:00,3,18
projects\projects.js,236,js,584592ee,Artien Voskanian,2025-10-31,19:51:44,-07:00,2025-10-31T19:51:44-07:00,3,5
projects\projects.js,237,js,584592ee,Artien Voskanian,2025-10-31,19:51:44,-07:00,2025-10-31T19:51:44-07:00,4,29
projects\projects.js,238,js,584592ee,Artien Voskanian,2025-10-31,19:51:44,-07:00,2025-10-31T19:51:44-07:00,4,25
projects\projects.js,239,js,584592ee,Artien Voskanian,2025-10-31,19:51:44,-07:00,2025-10-31T19:51:44-07:00,0,0
projects\projects.js,240,js,584592ee,Artien Voskanian,2025-10-31,19:51:44,-07:00,2025-10-31T19:51:44-07:00,3,11
projects\projects.js,241,js,584592ee,Artien Voskanian,2025-10-31,19:51:44,-07:00,2025-10-31T19:51:44-07:00,3,58
projects\projects.js,242,js,584592ee,Artien Voskanian,2025-10-31,19:51:44,-07:00,2025-10-31T19:51:44-07:00,4,33
projects\projects.js,243,js,584592ee,Artien Voskanian,2025-10-31,19:51:44,-07:00,2025-10-31T19:51:44-07:00,3,1
projects\projects.js,244,js,584592ee,Artien Voskanian,2025-10-31,19:51:44,-07:00,2025-10-31T19:51:44-07:00,2,0
projects\projects.js,245,js,584592ee,Artien Voskanian,2025-10-31,19:51:44,-07:00,2025-10-31T19:51:44-07:00,2,29
projects\projects.js,246,js,584592ee,Artien Voskanian,2025-10-31,19:51:44,-07:00,2025-10-31T19:51:44-07:00,3,60
projects\projects.js,247,js,584592ee,Artien Voskanian,2025-10-31,19:51:44,-07:00,2025-10-31T19:51:44-07:00,0,0
projects\projects.js,248,js,584592ee,Artien Voskanian,2025-10-31,19:51:44,-07:00,2025-10-31T19:51:44-07:00,3,33
projects\projects.js,249,js,584592ee,Artien Voskanian,2025-10-31,19:51:44,-07:00,2025-10-31T19:51:44-07:00,3,4
projects\projects.js,250,js,584592ee,Artien Voskanian,2025-10-31,19:51:44,-07:00,2025-10-31T19:51:44-07:00,4,30
projects\projects.js,251,js,584592ee,Artien Voskanian,2025-10-31,19:51:44,-07:00,2025-10-31T19:51:44-07:00,4,29
projects\projects.js,252,js,584592ee,Artien Voskanian,2025-10-31,19:51:44,-07:00,2025-10-31T19:51:44-07:00,4,23
projects\projects.js,253,js,584592ee,Artien Voskanian,2025-10-31,19:51:44,-07:00,2025-10-31T19:51:44-07:00,5,54
projects\projects.js,254,js,584592ee,Artien Voskanian,2025-10-31,19:51:44,-07:00,2025-10-31T19:51:44-07:00,5,16
projects\projects.js,255,js,584592ee,Artien Voskanian,2025-10-31,19:51:44,-07:00,2025-10-31T19:51:44-07:00,4,1
projects\projects.js,256,js,584592ee,Artien Voskanian,2025-10-31,19:51:44,-07:00,2025-10-31T19:51:44-07:00,2,0
projects\projects.js,257,js,584592ee,Artien Voskanian,2025-10-31,19:51:44,-07:00,2025-10-31T19:51:44-07:00,2,32
projects\projects.js,258,js,584592ee,Artien Voskanian,2025-10-31,19:51:44,-07:00,2025-10-31T19:51:44-07:00,3,30
projects\projects.js,259,js,584592ee,Artien Voskanian,2025-10-31,19:51:44,-07:00,2025-10-31T19:51:44-07:00,3,41
projects\projects.js,260,js,584592ee,Artien Voskanian,2025-10-31,19:51:44,-07:00,2025-10-31T19:51:44-07:00,3,61
projects\projects.js,261,js,584592ee,Artien Voskanian,2025-10-31,19:51:44,-07:00,2025-10-31T19:51:44-07:00,0,0
projects\projects.js,262,js,584592ee,Artien Voskanian,2025-10-31,19:51:44,-07:00,2025-10-31T19:51:44-07:00,3,49
projects\projects.js,263,js,584592ee,Artien Voskanian,2025-10-31,19:51:44,-07:00,2025-10-31T19:51:44-07:00,3,53
projects\projects.js,264,js,584592ee,Artien Voskanian,2025-10-31,19:51:44,-07:00,2025-10-31T19:51:44-07:00,3,54
projects\projects.js,265,js,584592ee,Artien Voskanian,2025-10-31,19:51:44,-07:00,2025-10-31T19:51:44-07:00,3,11
projects\projects.js,266,js,584592ee,Artien Voskanian,2025-10-31,19:51:44,-07:00,2025-10-31T19:51:44-07:00,2,1
projects\projects.js,267,js,584592ee,Artien Voskanian,2025-10-31,19:51:44,-07:00,2025-10-31T19:51:44-07:00,0,0
projects\projects.js,268,js,584592ee,Artien Voskanian,2025-10-31,19:51:44,-07:00,2025-10-31T19:51:44-07:00,0,0
projects\projects.js,269,js,584592ee,Artien Voskanian,2025-10-31,19:51:44,-07:00,2025-10-31T19:51:44-07:00,0,59
projects\projects.js,270,js,584592ee,Artien Voskanian,2025-10-31,19:51:44,-07:00,2025-10-31T19:51:44-07:00,0,0
projects\projects.js,271,js,584592ee,Artien Voskanian,2025-10-31,19:51:44,-07:00,2025-10-31T19:51:44-07:00,0,16
projects\projects.js,272,js,584592ee,Artien Voskanian,2025-10-31,19:51:44,-07:00,2025-10-31T19:51:44-07:00,1,44
projects\projects.js,273,js,584592ee,Artien Voskanian,2025-10-31,19:51:44,-07:00,2025-10-31T19:51:44-07:00,2,33
projects\projects.js,274,js,584592ee,Artien Voskanian,2025-10-31,19:51:44,-07:00,2025-10-31T19:51:44-07:00,2,11
projects\projects.js,275,js,584592ee,Artien Voskanian,2025-10-31,19:51:44,-07:00,2025-10-31T19:51:44-07:00,1,1
projects\projects.js,276,js,584592ee,Artien Voskanian,2025-10-31,19:51:44,-07:00,2025-10-31T19:51:44-07:00,0,0
projects\projects.js,277,js,088b89a6,Artien Voskanian,2025-10-24,23:07:57,-07:00,2025-10-24T23:07:57-07:00,0,0
projects\projects.js,278,js,584592ee,Artien Voskanian,2025-10-31,19:51:44,-07:00,2025-10-31T19:51:44-07:00,0,57
projects\projects.js,279,js,584592ee,Artien Voskanian,2025-10-31,19:51:44,-07:00,2025-10-31T19:51:44-07:00,0,11
projects\index.html,1,html,18bb7913,Artien Voskanian,2025-10-03,22:03:54,-07:00,2025-10-03T22:03:54-07:00,0,13
projects\index.html,2,html,18bb7913,Artien Voskanian,2025-10-03,22:03:54,-07:00,2025-10-03T22:03:54-07:00,0,14
projects\index.html,3,html,18bb7913,Artien Voskanian,2025-10-03,22:03:54,-07:00,2025-10-03T22:03:54-07:00,0,4
projects\index.html,4,html,18bb7913,Artien Voskanian,2025-10-03,22:03:54,-07:00,2025-10-03T22:03:54-07:00,2,20
projects\index.html,5,html,18bb7913,Artien Voskanian,2025-10-03,22:03:54,-07:00,2025-10-03T22:03:54-07:00,2,68
projects\index.html,6,html,18bb7913,Artien Voskanian,2025-10-03,22:03:54,-07:00,2025-10-03T22:03:54-07:00,2,21
projects\index.html,7,html,e955c11e,Artien Voskanian,2025-10-09,21:14:08,-07:00,2025-10-09T21:14:08-07:00,2,41
projects\index.html,8,html,18bb7913,Artien Voskanian,2025-10-03,22:03:54,-07:00,2025-10-03T22:03:54-07:00,0,5
projects\index.html,9,html,18bb7913,Artien Voskanian,2025-10-03,22:03:54,-07:00,2025-10-03T22:03:54-07:00,0,4
projects\index.html,10,html,18bb7913,Artien Voskanian,2025-10-03,22:03:54,-07:00,2025-10-03T22:03:54-07:00,0,0
projects\index.html,11,html,584592ee,Artien Voskanian,2025-10-31,19:51:44,-07:00,2025-10-31T19:51:44-07:00,0,38
projects\index.html,12,html,584592ee,Artien Voskanian,2025-10-31,19:51:44,-07:00,2025-10-31T19:51:44-07:00,0,0
projects\index.html,13,html,584592ee,Artien Voskanian,2025-10-31,19:51:44,-07:00,2025-10-31T19:51:44-07:00,0,28
projects\index.html,14,html,584592ee,Artien Voskanian,2025-10-31,19:51:44,-07:00,2025-10-31T19:51:44-07:00,1,58
projects\index.html,15,html,584592ee,Artien Voskanian,2025-10-31,19:51:44,-07:00,2025-10-31T19:51:44-07:00,1,54
projects\index.html,16,html,584592ee,Artien Voskanian,2025-10-31,19:51:44,-07:00,2025-10-31T19:51:44-07:00,0,4
projects\index.html,17,html,584592ee,Artien Voskanian,2025-10-31,19:51:44,-07:00,2025-10-31T19:51:44-07:00,0,0
projects\index.html,18,html,584592ee,Artien Voskanian,2025-10-31,19:51:44,-07:00,2025-10-31T19:51:44-07:00,0,23
projects\index.html,19,html,584592ee,Artien Voskanian,2025-10-31,19:51:44,-07:00,2025-10-31T19:51:44-07:00,1,59
projects\index.html,20,html,584592ee,Artien Voskanian,2025-10-31,19:51:44,-07:00,2025-10-31T19:51:44-07:00,1,94
projects\index.html,21,html,584592ee,Artien Voskanian,2025-10-31,19:51:44,-07:00,2025-10-31T19:51:44-07:00,0,2
projects\index.html,22,html,584592ee,Artien Voskanian,2025-10-31,19:51:44,-07:00,2025-10-31T19:51:44-07:00,0,0
projects\index.html,23,html,584592ee,Artien Voskanian,2025-10-31,19:51:44,-07:00,2025-10-31T19:51:44-07:00,0,28
projects\index.html,24,html,584592ee,Artien Voskanian,2025-10-31,19:51:44,-07:00,2025-10-31T19:51:44-07:00,0,29
projects\index.html,25,html,584592ee,Artien Voskanian,2025-10-31,19:51:44,-07:00,2025-10-31T19:51:44-07:00,1,56
projects\index.html,26,html,584592ee,Artien Voskanian,2025-10-31,19:51:44,-07:00,2025-10-31T19:51:44-07:00,2,14
projects\index.html,27,html,584592ee,Artien Voskanian,2025-10-31,19:51:44,-07:00,2025-10-31T19:51:44-07:00,1,6
projects\index.html,28,html,584592ee,Artien Voskanian,2025-10-31,19:51:44,-07:00,2025-10-31T19:51:44-07:00,1,4
projects\index.html,29,html,584592ee,Artien Voskanian,2025-10-31,19:51:44,-07:00,2025-10-31T19:51:44-07:00,2,17
projects\index.html,30,html,584592ee,Artien Voskanian,2025-10-31,19:51:44,-07:00,2025-10-31T19:51:44-07:00,2,27
projects\index.html,31,html,584592ee,Artien Voskanian,2025-10-31,19:51:44,-07:00,2025-10-31T19:51:44-07:00,2,11
projects\index.html,32,html,584592ee,Artien Voskanian,2025-10-31,19:51:44,-07:00,2025-10-31T19:51:44-07:00,2,51
projects\index.html,33,html,584592ee,Artien Voskanian,2025-10-31,19:51:44,-07:00,2025-10-31T19:51:44-07:00,1,0
projects\index.html,34,html,584592ee,Artien Voskanian,2025-10-31,19:51:44,-07:00,2025-10-31T19:51:44-07:00,0,4
projects\index.html,35,html,584592ee,Artien Voskanian,2025-10-31,19:51:44,-07:00,2025-10-31T19:51:44-07:00,0,0
projects\index.html,36,html,584592ee,Artien Voskanian,2025-10-31,19:51:44,-07:00,2025-10-31T19:51:44-07:00,0,26
projects\index.html,37,html,584592ee,Artien Voskanian,2025-10-31,19:51:44,-07:00,2025-10-31T19:51:44-07:00,0,0
projects\index.html,38,html,18bb7913,Artien Voskanian,2025-10-03,22:03:54,-07:00,2025-10-03T22:03:54-07:00,0,0
projects\index.html,39,html,107fd71b,Artien Voskanian,2025-10-17,21:46:43,-07:00,2025-10-17T21:46:43-07:00,2,29
projects\index.html,40,html,e955c11e,Artien Voskanian,2025-10-09,21:14:08,-07:00,2025-10-09T21:14:08-07:00,4,22
projects\index.html,41,html,e955c11e,Artien Voskanian,2025-10-09,21:14:08,-07:00,2025-10-09T21:14:08-07:00,6,39
projects\index.html,42,html,e955c11e,Artien Voskanian,2025-10-09,21:14:08,-07:00,2025-10-09T21:14:08-07:00,6,50
projects\index.html,43,html,e955c11e,Artien Voskanian,2025-10-09,21:14:08,-07:00,2025-10-09T21:14:08-07:00,6,60
projects\index.html,44,html,e955c11e,Artien Voskanian,2025-10-09,21:14:08,-07:00,2025-10-09T21:14:08-07:00,6,47
projects\index.html,45,html,e955c11e,Artien Voskanian,2025-10-09,21:14:08,-07:00,2025-10-09T21:14:08-07:00,6,104
projects\index.html,46,html,e955c11e,Artien Voskanian,2025-10-09,21:14:08,-07:00,2025-10-09T21:14:08-07:00,4,3
projects\index.html,47,html,107fd71b,Artien Voskanian,2025-10-17,21:46:43,-07:00,2025-10-17T21:46:43-07:00,2,8
projects\index.html,48,html,e955c11e,Artien Voskanian,2025-10-09,21:14:08,-07:00,2025-10-09T21:14:08-07:00,0,0
projects\index.html,49,html,e955c11e,Artien Voskanian,2025-10-09,21:14:08,-07:00,2025-10-09T21:14:08-07:00,2,17
projects\index.html,50,html,088b89a6,Artien Voskanian,2025-10-24,23:07:57,-07:00,2025-10-24T23:07:57-07:00,1,0
projects\index.html,51,html,e955c11e,Artien Voskanian,2025-10-09,21:14:08,-07:00,2025-10-09T21:14:08-07:00,0,0
projects\index.html,52,html,e955c11e,Artien Voskanian,2025-10-09,21:14:08,-07:00,2025-10-09T21:14:08-07:00,1,20
projects\index.html,53,html,088b89a6,Artien Voskanian,2025-10-24,23:07:57,-07:00,2025-10-24T23:07:57-07:00,2,12
projects\index.html,54,html,e955c11e,Artien Voskanian,2025-10-09,21:14:08,-07:00,2025-10-09T21:14:08-07:00,4,29
projects\index.html,55,html,e955c11e,Artien Voskanian,2025-10-09,21:14:08,-07:00,2025-10-09T21:14:08-07:00,4,70
projects\index.html,56,html,e955c11e,Artien Voskanian,2025-10-09,21:14:08,-07:00,2025-10-09T21:14:08-07:00,4,221
projects\index.html,57,html,e955c11e,Artien Voskanian,2025-10-09,21:14:08,-07:00,2025-10-09T21:14:08-07:00,2,8
projects\index.html,58,html,e955c11e,Artien Voskanian,2025-10-09,21:14:08,-07:00,2025-10-09T21:14:08-07:00,2,7
projects\index.html,59,html,e955c11e,Artien Voskanian,2025-10-09,21:14:08,-07:00,2025-10-09T21:14:08-07:00,4,48
projects\index.html,60,html,e955c11e,Artien Voskanian,2025-10-09,21:14:08,-07:00,2025-10-09T21:14:08-07:00,4,70
projects\index.html,61,html,e955c11e,Artien Voskanian,2025-10-09,21:14:08,-07:00,2025-10-09T21:14:08-07:00,4,235
projects\index.html,62,html,e955c11e,Artien Voskanian,2025-10-09,21:14:08,-07:00,2025-10-09T21:14:08-07:00,2,8
projects\index.html,63,html,e955c11e,Artien Voskanian,2025-10-09,21:14:08,-07:00,2025-10-09T21:14:08-07:00,2,7
projects\index.html,64,html,e955c11e,Artien Voskanian,2025-10-09,21:14:08,-07:00,2025-10-09T21:14:08-07:00,4,29
projects\index.html,65,html,e955c11e,Artien Voskanian,2025-10-09,21:14:08,-07:00,2025-10-09T21:14:08-07:00,4,70
projects\index.html,66,html,e955c11e,Artien Voskanian,2025-10-09,21:14:08,-07:00,2025-10-09T21:14:08-07:00,4,244
projects\index.html,67,html,e955c11e,Artien Voskanian,2025-10-09,21:14:08,-07:00,2025-10-09T21:14:08-07:00,2,8
projects\index.html,68,html,e955c11e,Artien Voskanian,2025-10-09,21:14:08,-07:00,2025-10-09T21:14:08-07:00,2,7
projects\index.html,69,html,e955c11e,Artien Voskanian,2025-10-09,21:14:08,-07:00,2025-10-09T21:14:08-07:00,4,37
projects\index.html,70,html,e955c11e,Artien Voskanian,2025-10-09,21:14:08,-07:00,2025-10-09T21:14:08-07:00,4,70
projects\index.html,71,html,e955c11e,Artien Voskanian,2025-10-09,21:14:08,-07:00,2025-10-09T21:14:08-07:00,4,231
projects\index.html,72,html,e955c11e,Artien Voskanian,2025-10-09,21:14:08,-07:00,2025-10-09T21:14:08-07:00,2,8
projects\index.html,73,html,e955c11e,Artien Voskanian,2025-10-09,21:14:08,-07:00,2025-10-09T21:14:08-07:00,2,7
projects\index.html,74,html,e955c11e,Artien Voskanian,2025-10-09,21:14:08,-07:00,2025-10-09T21:14:08-07:00,4,37
projects\index.html,75,html,e955c11e,Artien Voskanian,2025-10-09,21:14:08,-07:00,2025-10-09T21:14:08-07:00,4,70
projects\index.html,76,html,e955c11e,Artien Voskanian,2025-10-09,21:14:08,-07:00,2025-10-09T21:14:08-07:00,4,249
projects\index.html,77,html,e955c11e,Artien Voskanian,2025-10-09,21:14:08,-07:00,2025-10-09T21:14:08-07:00,2,8
projects\index.html,78,html,e955c11e,Artien Voskanian,2025-10-09,21:14:08,-07:00,2025-10-09T21:14:08-07:00,2,7
projects\index.html,79,html,e955c11e,Artien Voskanian,2025-10-09,21:14:08,-07:00,2025-10-09T21:14:08-07:00,4,36
projects\index.html,80,html,e955c11e,Artien Voskanian,2025-10-09,21:14:08,-07:00,2025-10-09T21:14:08-07:00,4,70
projects\index.html,81,html,e955c11e,Artien Voskanian,2025-10-09,21:14:08,-07:00,2025-10-09T21:14:08-07:00,4,225
projects\index.html,82,html,e955c11e,Artien Voskanian,2025-10-09,21:14:08,-07:00,2025-10-09T21:14:08-07:00,2,8
projects\index.html,83,html,e955c11e,Artien Voskanian,2025-10-09,21:14:08,-07:00,2025-10-09T21:14:08-07:00,2,7
projects\index.html,84,html,e955c11e,Artien Voskanian,2025-10-09,21:14:08,-07:00,2025-10-09T21:14:08-07:00,4,34
projects\index.html,85,html,e955c11e,Artien Voskanian,2025-10-09,21:14:08,-07:00,2025-10-09T21:14:08-07:00,4,70
projects\index.html,86,html,e955c11e,Artien Voskanian,2025-10-09,21:14:08,-07:00,2025-10-09T21:14:08-07:00,4,202
projects\index.html,87,html,e955c11e,Artien Voskanian,2025-10-09,21:14:08,-07:00,2025-10-09T21:14:08-07:00,2,8
projects\index.html,88,html,e955c11e,Artien Voskanian,2025-10-09,21:14:08,-07:00,2025-10-09T21:14:08-07:00,2,7
projects\index.html,89,html,e955c11e,Artien Voskanian,2025-10-09,21:14:08,-07:00,2025-10-09T21:14:08-07:00,4,40
projects\index.html,90,html,e955c11e,Artien Voskanian,2025-10-09,21:14:08,-07:00,2025-10-09T21:14:08-07:00,4,70
projects\index.html,91,html,e955c11e,Artien Voskanian,2025-10-09,21:14:08,-07:00,2025-10-09T21:14:08-07:00,4,233
projects\index.html,92,html,e955c11e,Artien Voskanian,2025-10-09,21:14:08,-07:00,2025-10-09T21:14:08-07:00,2,8
projects\index.html,93,html,e955c11e,Artien Voskanian,2025-10-09,21:14:08,-07:00,2025-10-09T21:14:08-07:00,2,7
projects\index.html,94,html,e955c11e,Artien Voskanian,2025-10-09,21:14:08,-07:00,2025-10-09T21:14:08-07:00,4,44
projects\index.html,95,html,e955c11e,Artien Voskanian,2025-10-09,21:14:08,-07:00,2025-10-09T21:14:08-07:00,4,70
projects\index.html,96,html,e955c11e,Artien Voskanian,2025-10-09,21:14:08,-07:00,2025-10-09T21:14:08-07:00,4,240
projects\index.html,97,html,e955c11e,Artien Voskanian,2025-10-09,21:14:08,-07:00,2025-10-09T21:14:08-07:00,2,8
projects\index.html,98,html,e955c11e,Artien Voskanian,2025-10-09,21:14:08,-07:00,2025-10-09T21:14:08-07:00,2,7
projects\index.html,99,html,e955c11e,Artien Voskanian,2025-10-09,21:14:08,-07:00,2025-10-09T21:14:08-07:00,4,31
projects\index.html,100,html,e955c11e,Artien Voskanian,2025-10-09,21:14:08,-07:00,2025-10-09T21:14:08-07:00,4,70
projects\index.html,101,html,e955c11e,Artien Voskanian,2025-10-09,21:14:08,-07:00,2025-10-09T21:14:08-07:00,4,211
projects\index.html,102,html,e955c11e,Artien Voskanian,2025-10-09,21:14:08,-07:00,2025-10-09T21:14:08-07:00,2,8
projects\index.html,103,html,e955c11e,Artien Voskanian,2025-10-09,21:14:08,-07:00,2025-10-09T21:14:08-07:00,2,7
projects\index.html,104,html,e955c11e,Artien Voskanian,2025-10-09,21:14:08,-07:00,2025-10-09T21:14:08-07:00,4,38
projects\index.html,105,html,e955c11e,Artien Voskanian,2025-10-09,21:14:08,-07:00,2025-10-09T21:14:08-07:00,4,70
projects\index.html,106,html,e955c11e,Artien Voskanian,2025-10-09,21:14:08,-07:00,2025-10-09T21:14:08-07:00,4,248
projects\index.html,107,html,e955c11e,Artien Voskanian,2025-10-09,21:14:08,-07:00,2025-10-09T21:14:08-07:00,2,8
projects\index.html,108,html,e955c11e,Artien Voskanian,2025-10-09,21:14:08,-07:00,2025-10-09T21:14:08-07:00,2,7
projects\index.html,109,html,e955c11e,Artien Voskanian,2025-10-09,21:14:08,-07:00,2025-10-09T21:14:08-07:00,4,29
projects\index.html,110,html,e955c11e,Artien Voskanian,2025-10-09,21:14:08,-07:00,2025-10-09T21:14:08-07:00,4,70
projects\index.html,111,html,e955c11e,Artien Voskanian,2025-10-09,21:14:08,-07:00,2025-10-09T21:14:08-07:00,4,223
projects\index.html,112,html,088b89a6,Artien Voskanian,2025-10-24,23:07:57,-07:00,2025-10-24T23:07:57-07:00,2,12
projects\index.html,113,html,584592ee,Artien Voskanian,2025-10-31,19:51:44,-07:00,2025-10-31T19:51:44-07:00,2,55
projects\index.html,114,html,584592ee,Artien Voskanian,2025-10-31,19:51:44,-07:00,2025-10-31T19:51:44-07:00,0,0
projects\index.html,115,html,584592ee,Artien Voskanian,2025-10-31,19:51:44,-07:00,2025-10-31T19:51:44-07:00,0,50
projects\index.html,116,html,584592ee,Artien Voskanian,2025-10-31,19:51:44,-07:00,2025-10-31T19:51:44-07:00,0,0
projects\index.html,117,html,584592ee,Artien Voskanian,2025-10-31,19:51:44,-07:00,2025-10-31T19:51:44-07:00,0,0
projects\index.html,118,html,088b89a6,Artien Voskanian,2025-10-24,23:07:57,-07:00,2025-10-24T23:07:57-07:00,2,48
projects\index.html,119,html,088b89a6,Artien Voskanian,2025-10-24,23:07:57,-07:00,2025-10-24T23:07:57-07:00,2,47
projects\index.html,120,html,e955c11e,Artien Voskanian,2025-10-09,21:14:08,-07:00,2025-10-09T21:14:08-07:00,1,4
projects\index.html,121,html,e955c11e,Artien Voskanian,2025-10-09,21:14:08,-07:00,2025-10-09T21:14:08-07:00,0,0
projects\index.html,122,html,e955c11e,Artien Voskanian,2025-10-09,21:14:08,-07:00,2025-10-09T21:14:08-07:00,1,0
projects\index.html,123,html,e955c11e,Artien Voskanian,2025-10-09,21:14:08,-07:00,2025-10-09T21:14:08-07:00,0,0
projects\index.html,124,html,e955c11e,Artien Voskanian,2025-10-09,21:14:08,-07:00,2025-10-09T21:14:08-07:00,0,0
projects\index.html,125,html,107fd71b,Artien Voskanian,2025-10-17,21:46:43,-07:00,2025-10-17T21:46:43-07:00,1,48
projects\index.html,126,html,107fd71b,Artien Voskanian,2025-10-17,21:46:43,-07:00,2025-10-17T21:46:43-07:00,0,0
projects\index.html,127,html,18bb7913,Artien Voskanian,2025-10-03,22:03:54,-07:00,2025-10-03T22:03:54-07:00,2,0
projects\index.html,128,html,18bb7913,Artien Voskanian,2025-10-03,22:03:54,-07:00,2025-10-03T22:03:54-07:00,0,5
projects\index.html,129,html,18bb7913,Artien Voskanian,2025-10-03,22:03:54,-07:00,2025-10-03T22:03:54-07:00,0,5
meta\index.html,1,html,00000000,Not Committed Yet,2025-11-04,23:00:51,-08:00,2025-11-04T23:00:51-08:00,0,13
meta\index.html,2,html,ec2d0bdf,Artien Voskanian,2025-11-04,22:49:04,-08:00,2025-11-04T22:49:04-08:00,0,14
meta\index.html,3,html,00000000,Not Committed Yet,2025-11-04,23:00:51,-08:00,2025-11-04T23:00:51-08:00,1,4
meta\index.html,4,html,00000000,Not Committed Yet,2025-11-04,23:00:51,-08:00,2025-11-04T23:00:51-08:00,2,22
meta\index.html,5,html,00000000,Not Committed Yet,2025-11-04,23:00:51,-08:00,2025-11-04T23:00:51-08:00,2,32
meta\index.html,6,html,00000000,Not Committed Yet,2025-11-04,23:00:51,-08:00,2025-11-04T23:00:51-08:00,2,68
meta\index.html,7,html,00000000,Not Committed Yet,2025-11-04,23:00:51,-08:00,2025-11-04T23:00:51-08:00,2,87
meta\index.html,8,html,00000000,Not Committed Yet,2025-11-04,23:00:51,-08:00,2025-11-04T23:00:51-08:00,2,62
meta\index.html,9,html,ec2d0bdf,Artien Voskanian,2025-11-04,22:49:04,-08:00,2025-11-04T22:49:04-08:00,0,0
meta\index.html,10,html,00000000,Not Committed Yet,2025-11-04,23:00:51,-08:00,2025-11-04T23:00:51-08:00,2,20
meta\index.html,11,html,00000000,Not Committed Yet,2025-11-04,23:00:51,-08:00,2025-11-04T23:00:51-08:00,2,43
meta\index.html,12,html,00000000,Not Committed Yet,2025-11-04,23:00:51,-08:00,2025-11-04T23:00:51-08:00,2,5
meta\index.html,13,html,00000000,Not Committed Yet,2025-11-04,23:00:51,-08:00,2025-11-04T23:00:51-08:00,3,68
meta\index.html,14,html,00000000,Not Committed Yet,2025-11-04,23:00:51,-08:00,2025-11-04T23:00:51-08:00,3,45
meta\index.html,15,html,00000000,Not Committed Yet,2025-11-04,23:00:51,-08:00,2025-11-04T23:00:51-08:00,2,6
meta\index.html,16,html,00000000,Not Committed Yet,2025-11-04,23:00:51,-08:00,2025-11-04T23:00:51-08:00,1,5
meta\index.html,17,html,00000000,Not Committed Yet,2025-11-04,23:00:51,-08:00,2025-11-04T23:00:51-08:00,1,4
meta\index.html,18,html,00000000,Not Committed Yet,2025-11-04,23:00:51,-08:00,2025-11-04T23:00:51-08:00,2,22
meta\index.html,19,html,00000000,Not Committed Yet,2025-11-04,23:00:51,-08:00,2025-11-04T23:00:51-08:00,3,28
meta\index.html,20,html,ec2d0bdf,Artien Voskanian,2025-11-04,22:49:04,-08:00,2025-11-04T22:49:04-08:00,0,0
meta\index.html,21,html,00000000,Not Committed Yet,2025-11-04,23:00:51,-08:00,2025-11-04T23:00:51-08:00,3,27
meta\index.html,22,html,00000000,Not Committed Yet,2025-11-04,23:00:51,-08:00,2025-11-04T23:00:51-08:00,3,20
meta\index.html,23,html,00000000,Not Committed Yet,2025-11-04,23:00:51,-08:00,2025-11-04T23:00:51-08:00,2,5
meta\index.html,24,html,00000000,Not Committed Yet,2025-11-04,23:00:51,-08:00,2025-11-04T23:00:51-08:00,0,0
meta\index.html,25,html,00000000,Not Committed Yet,2025-11-04,23:00:51,-08:00,2025-11-04T23:00:51-08:00,2,62
meta\index.html,26,html,00000000,Not Committed Yet,2025-11-04,23:00:51,-08:00,2025-11-04T23:00:51-08:00,2,45
meta\index.html,27,html,00000000,Not Committed Yet,2025-11-04,23:00:51,-08:00,2025-11-04T23:00:51-08:00,1,5
meta\index.html,28,html,00000000,Not Committed Yet,2025-11-04,23:00:51,-08:00,2025-11-04T23:00:51-08:00,0,5
cv\index.html,1,html,18bb7913,Artien Voskanian,2025-10-03,22:03:54,-07:00,2025-10-03T22:03:54-07:00,0,13
cv\index.html,2,html,18bb7913,Artien Voskanian,2025-10-03,22:03:54,-07:00,2025-10-03T22:03:54-07:00,0,14
cv\index.html,3,html,18bb7913,Artien Voskanian,2025-10-03,22:03:54,-07:00,2025-10-03T22:03:54-07:00,0,4
cv\index.html,4,html,18bb7913,Artien Voskanian,2025-10-03,22:03:54,-07:00,2025-10-03T22:03:54-07:00,1,22
cv\index.html,5,html,18bb7913,Artien Voskanian,2025-10-03,22:03:54,-07:00,2025-10-03T22:03:54-07:00,1,69
cv\index.html,6,html,18bb7913,Artien Voskanian,2025-10-03,22:03:54,-07:00,2025-10-03T22:03:54-07:00,1,34
cv\index.html,7,html,18bb7913,Artien Voskanian,2025-10-03,22:03:54,-07:00,2025-10-03T22:03:54-07:00,0,0
cv\index.html,8,html,18bb7913,Artien Voskanian,2025-10-03,22:03:54,-07:00,2025-10-03T22:03:54-07:00,1,43
cv\index.html,9,html,18bb7913,Artien Voskanian,2025-10-03,22:03:54,-07:00,2025-10-03T22:03:54-07:00,0,5
cv\index.html,10,html,18bb7913,Artien Voskanian,2025-10-03,22:03:54,-07:00,2025-10-03T22:03:54-07:00,0,4
cv\index.html,11,html,18bb7913,Artien Voskanian,2025-10-03,22:03:54,-07:00,2025-10-03T22:03:54-07:00,2,16
cv\index.html,12,html,18bb7913,Artien Voskanian,2025-10-03,22:03:54,-07:00,2025-10-03T22:03:54-07:00,1,6
cv\index.html,13,html,18bb7913,Artien Voskanian,2025-10-03,22:03:54,-07:00,2025-10-03T22:03:54-07:00,1,0
cv\index.html,14,html,107fd71b,Artien Voskanian,2025-10-17,21:46:43,-07:00,2025-10-17T21:46:43-07:00,2,29
cv\index.html,15,html,e955c11e,Artien Voskanian,2025-10-09,21:14:08,-07:00,2025-10-09T21:14:08-07:00,3,22
cv\index.html,16,html,e955c11e,Artien Voskanian,2025-10-09,21:14:08,-07:00,2025-10-09T21:14:08-07:00,4,39
cv\index.html,17,html,e955c11e,Artien Voskanian,2025-10-09,21:14:08,-07:00,2025-10-09T21:14:08-07:00,4,50
cv\index.html,18,html,e955c11e,Artien Voskanian,2025-10-09,21:14:08,-07:00,2025-10-09T21:14:08-07:00,4,52
cv\index.html,19,html,e955c11e,Artien Voskanian,2025-10-09,21:14:08,-07:00,2025-10-09T21:14:08-07:00,4,61
cv\index.html,20,html,e955c11e,Artien Voskanian,2025-10-09,21:14:08,-07:00,2025-10-09T21:14:08-07:00,4,104
cv\index.html,21,html,e955c11e,Artien Voskanian,2025-10-09,21:14:08,-07:00,2025-10-09T21:14:08-07:00,3,3
cv\index.html,22,html,107fd71b,Artien Voskanian,2025-10-17,21:46:43,-07:00,2025-10-17T21:46:43-07:00,2,8
cv\index.html,23,html,e955c11e,Artien Voskanian,2025-10-09,21:14:08,-07:00,2025-10-09T21:14:08-07:00,0,0
cv\index.html,24,html,18bb7913,Artien Voskanian,2025-10-03,22:03:54,-07:00,2025-10-03T22:03:54-07:00,1,7
cv\index.html,25,html,18bb7913,Artien Voskanian,2025-10-03,22:03:54,-07:00,2025-10-03T22:03:54-07:00,0,0
cv\index.html,26,html,18bb7913,Artien Voskanian,2025-10-03,22:03:54,-07:00,2025-10-03T22:03:54-07:00,1,17
cv\index.html,27,html,e955c11e,Artien Voskanian,2025-10-09,21:14:08,-07:00,2025-10-09T21:14:08-07:00,2,0
cv\index.html,28,html,18bb7913,Artien Voskanian,2025-10-03,22:03:54,-07:00,2025-10-03T22:03:54-07:00,0,0
cv\index.html,29,html,18bb7913,Artien Voskanian,2025-10-03,22:03:54,-07:00,2025-10-03T22:03:54-07:00,2,0
cv\index.html,30,html,e955c11e,Artien Voskanian,2025-10-09,21:14:08,-07:00,2025-10-09T21:14:08-07:00,1,0
cv\index.html,31,html,e955c11e,Artien Voskanian,2025-10-09,21:14:08,-07:00,2025-10-09T21:14:08-07:00,0,0
cv\index.html,32,html,e955c11e,Artien Voskanian,2025-10-09,21:14:08,-07:00,2025-10-09T21:14:08-07:00,2,35
cv\index.html,33,html,e955c11e,Artien Voskanian,2025-10-09,21:14:08,-07:00,2025-10-09T21:14:08-07:00,3,46
cv\index.html,34,html,e955c11e,Artien Voskanian,2025-10-09,21:14:08,-07:00,2025-10-09T21:14:08-07:00,4,164
cv\index.html,35,html,e955c11e,Artien Voskanian,2025-10-09,21:14:08,-07:00,2025-10-09T21:14:08-07:00,4,14
cv\index.html,36,html,e955c11e,Artien Voskanian,2025-10-09,21:14:08,-07:00,2025-10-09T21:14:08-07:00,5,52
cv\index.html,37,html,e955c11e,Artien Voskanian,2025-10-09,21:14:08,-07:00,2025-10-09T21:14:08-07:00,5,96
cv\index.html,38,html,e955c11e,Artien Voskanian,2025-10-09,21:14:08,-07:00,2025-10-09T21:14:08-07:00,5,13
cv\index.html,39,html,e955c11e,Artien Voskanian,2025-10-09,21:14:08,-07:00,2025-10-09T21:14:08-07:00,4,2
cv\index.html,40,html,18bb7913,Artien Voskanian,2025-10-03,22:03:54,-07:00,2025-10-03T22:03:54-07:00,2,8
cv\index.html,41,html,18bb7913,Artien Voskanian,2025-10-03,22:03:54,-07:00,2025-10-03T22:03:54-07:00,0,0
cv\index.html,42,html,18bb7913,Artien Voskanian,2025-10-03,22:03:54,-07:00,2025-10-03T22:03:54-07:00,2,37
cv\index.html,43,html,18bb7913,Artien Voskanian,2025-10-03,22:03:54,-07:00,2025-10-03T22:03:54-07:00,3,6
cv\index.html,44,html,18bb7913,Artien Voskanian,2025-10-03,22:03:54,-07:00,2025-10-03T22:03:54-07:00,4,33
cv\index.html,45,html,18bb7913,Artien Voskanian,2025-10-03,22:03:54,-07:00,2025-10-03T22:03:54-07:00,3,7
cv\index.html,46,html,18bb7913,Artien Voskanian,2025-10-03,22:03:54,-07:00,2025-10-03T22:03:54-07:00,0,0
cv\index.html,47,html,18bb7913,Artien Voskanian,2025-10-03,22:03:54,-07:00,2025-10-03T22:03:54-07:00,3,7
cv\index.html,48,html,18bb7913,Artien Voskanian,2025-10-03,22:03:54,-07:00,2025-10-03T22:03:54-07:00,4,6
cv\index.html,49,html,18bb7913,Artien Voskanian,2025-10-03,22:03:54,-07:00,2025-10-03T22:03:54-07:00,5,39
cv\index.html,50,html,18bb7913,Artien Voskanian,2025-10-03,22:03:54,-07:00,2025-10-03T22:03:54-07:00,5,1
cv\index.html,51,html,18bb7913,Artien Voskanian,2025-10-03,22:03:54,-07:00,2025-10-03T22:03:54-07:00,6,40
cv\index.html,52,html,18bb7913,Artien Voskanian,2025-10-03,22:03:54,-07:00,2025-10-03T22:03:54-07:00,6,49
cv\index.html,53,html,18bb7913,Artien Voskanian,2025-10-03,22:03:54,-07:00,2025-10-03T22:03:54-07:00,5,2
cv\index.html,54,html,18bb7913,Artien Voskanian,2025-10-03,22:03:54,-07:00,2025-10-03T22:03:54-07:00,4,7
cv\index.html,55,html,18bb7913,Artien Voskanian,2025-10-03,22:03:54,-07:00,2025-10-03T22:03:54-07:00,4,2
cv\index.html,56,html,18bb7913,Artien Voskanian,2025-10-03,22:03:54,-07:00,2025-10-03T22:03:54-07:00,5,70
cv\index.html,57,html,18bb7913,Artien Voskanian,2025-10-03,22:03:54,-07:00,2025-10-03T22:03:54-07:00,5,45
cv\index.html,58,html,18bb7913,Artien Voskanian,2025-10-03,22:03:54,-07:00,2025-10-03T22:03:54-07:00,4,3
cv\index.html,59,html,18bb7913,Artien Voskanian,2025-10-03,22:03:54,-07:00,2025-10-03T22:03:54-07:00,3,8
cv\index.html,60,html,18bb7913,Artien Voskanian,2025-10-03,22:03:54,-07:00,2025-10-03T22:03:54-07:00,0,0
cv\index.html,61,html,18bb7913,Artien Voskanian,2025-10-03,22:03:54,-07:00,2025-10-03T22:03:54-07:00,3,7
cv\index.html,62,html,18bb7913,Artien Voskanian,2025-10-03,22:03:54,-07:00,2025-10-03T22:03:54-07:00,4,6
cv\index.html,63,html,18bb7913,Artien Voskanian,2025-10-03,22:03:54,-07:00,2025-10-03T22:03:54-07:00,5,26
cv\index.html,64,html,18bb7913,Artien Voskanian,2025-10-03,22:03:54,-07:00,2025-10-03T22:03:54-07:00,5,89
cv\index.html,65,html,18bb7913,Artien Voskanian,2025-10-03,22:03:54,-07:00,2025-10-03T22:03:54-07:00,4,7
cv\index.html,66,html,18bb7913,Artien Voskanian,2025-10-03,22:03:54,-07:00,2025-10-03T22:03:54-07:00,4,2
cv\index.html,67,html,18bb7913,Artien Voskanian,2025-10-03,22:03:54,-07:00,2025-10-03T22:03:54-07:00,5,21
cv\index.html,68,html,18bb7913,Artien Voskanian,2025-10-03,22:03:54,-07:00,2025-10-03T22:03:54-07:00,4,3
cv\index.html,69,html,18bb7913,Artien Voskanian,2025-10-03,22:03:54,-07:00,2025-10-03T22:03:54-07:00,3,8
cv\index.html,70,html,18bb7913,Artien Voskanian,2025-10-03,22:03:54,-07:00,2025-10-03T22:03:54-07:00,2,8
cv\index.html,71,html,18bb7913,Artien Voskanian,2025-10-03,22:03:54,-07:00,2025-10-03T22:03:54-07:00,0,0
cv\index.html,72,html,e955c11e,Artien Voskanian,2025-10-09,21:14:08,-07:00,2025-10-09T21:14:08-07:00,2,0
cv\index.html,73,html,e955c11e,Artien Voskanian,2025-10-09,21:14:08,-07:00,2025-10-09T21:14:08-07:00,0,0
cv\index.html,74,html,18bb7913,Artien Voskanian,2025-10-03,22:03:54,-07:00,2025-10-03T22:03:54-07:00,0,0
cv\index.html,75,html,18bb7913,Artien Voskanian,2025-10-03,22:03:54,-07:00,2025-10-03T22:03:54-07:00,2,37
cv\index.html,76,html,18bb7913,Artien Voskanian,2025-10-03,22:03:54,-07:00,2025-10-03T22:03:54-07:00,3,6
cv\index.html,77,html,18bb7913,Artien Voskanian,2025-10-03,22:03:54,-07:00,2025-10-03T22:03:54-07:00,4,34
cv\index.html,78,html,18bb7913,Artien Voskanian,2025-10-03,22:03:54,-07:00,2025-10-03T22:03:54-07:00,3,7
cv\index.html,79,html,18bb7913,Artien Voskanian,2025-10-03,22:03:54,-07:00,2025-10-03T22:03:54-07:00,0,0
cv\index.html,80,html,18bb7913,Artien Voskanian,2025-10-03,22:03:54,-07:00,2025-10-03T22:03:54-07:00,3,7
cv\index.html,81,html,18bb7913,Artien Voskanian,2025-10-03,22:03:54,-07:00,2025-10-03T22:03:54-07:00,4,6
cv\index.html,82,html,18bb7913,Artien Voskanian,2025-10-03,22:03:54,-07:00,2025-10-03T22:03:54-07:00,5,20
cv\index.html,83,html,18bb7913,Artien Voskanian,2025-10-03,22:03:54,-07:00,2025-10-03T22:03:54-07:00,5,87
cv\index.html,84,html,18bb7913,Artien Voskanian,2025-10-03,22:03:54,-07:00,2025-10-03T22:03:54-07:00,4,7
cv\index.html,85,html,18bb7913,Artien Voskanian,2025-10-03,22:03:54,-07:00,2025-10-03T22:03:54-07:00,4,2
cv\index.html,86,html,18bb7913,Artien Voskanian,2025-10-03,22:03:54,-07:00,2025-10-03T22:03:54-07:00,5,70
cv\index.html,87,html,18bb7913,Artien Voskanian,2025-10-03,22:03:54,-07:00,2025-10-03T22:03:54-07:00,5,88
cv\index.html,88,html,18bb7913,Artien Voskanian,2025-10-03,22:03:54,-07:00,2025-10-03T22:03:54-07:00,5,69
cv\index.html,89,html,18bb7913,Artien Voskanian,2025-10-03,22:03:54,-07:00,2025-10-03T22:03:54-07:00,4,3
cv\index.html,90,html,18bb7913,Artien Voskanian,2025-10-03,22:03:54,-07:00,2025-10-03T22:03:54-07:00,3,8
cv\index.html,91,html,18bb7913,Artien Voskanian,2025-10-03,22:03:54,-07:00,2025-10-03T22:03:54-07:00,0,0
cv\index.html,92,html,18bb7913,Artien Voskanian,2025-10-03,22:03:54,-07:00,2025-10-03T22:03:54-07:00,3,7
cv\index.html,93,html,18bb7913,Artien Voskanian,2025-10-03,22:03:54,-07:00,2025-10-03T22:03:54-07:00,4,6
cv\index.html,94,html,e955c11e,Artien Voskanian,2025-10-09,21:14:08,-07:00,2025-10-09T21:14:08-07:00,5,51
cv\index.html,95,html,18bb7913,Artien Voskanian,2025-10-03,22:03:54,-07:00,2025-10-03T22:03:54-07:00,5,88
cv\index.html,96,html,18bb7913,Artien Voskanian,2025-10-03,22:03:54,-07:00,2025-10-03T22:03:54-07:00,4,7
cv\index.html,97,html,18bb7913,Artien Voskanian,2025-10-03,22:03:54,-07:00,2025-10-03T22:03:54-07:00,4,2
cv\index.html,98,html,18bb7913,Artien Voskanian,2025-10-03,22:03:54,-07:00,2025-10-03T22:03:54-07:00,5,69
cv\index.html,99,html,18bb7913,Artien Voskanian,2025-10-03,22:03:54,-07:00,2025-10-03T22:03:54-07:00,4,3
cv\index.html,100,html,18bb7913,Artien Voskanian,2025-10-03,22:03:54,-07:00,2025-10-03T22:03:54-07:00,3,8
cv\index.html,101,html,18bb7913,Artien Voskanian,2025-10-03,22:03:54,-07:00,2025-10-03T22:03:54-07:00,2,8
cv\index.html,102,html,18bb7913,Artien Voskanian,2025-10-03,22:03:54,-07:00,2025-10-03T22:03:54-07:00,0,0
cv\index.html,103,html,18bb7913,Artien Voskanian,2025-10-03,22:03:54,-07:00,2025-10-03T22:03:54-07:00,1,0
cv\index.html,104,html,18bb7913,Artien Voskanian,2025-10-03,22:03:54,-07:00,2025-10-03T22:03:54-07:00,2,38
cv\index.html,105,html,18bb7913,Artien Voskanian,2025-10-03,22:03:54,-07:00,2025-10-03T22:03:54-07:00,3,6
cv\index.html,106,html,18bb7913,Artien Voskanian,2025-10-03,22:03:54,-07:00,2025-10-03T22:03:54-07:00,4,42
cv\index.html,107,html,18bb7913,Artien Voskanian,2025-10-03,22:03:54,-07:00,2025-10-03T22:03:54-07:00,3,7
cv\index.html,108,html,18bb7913,Artien Voskanian,2025-10-03,22:03:54,-07:00,2025-10-03T22:03:54-07:00,0,0
cv\index.html,109,html,18bb7913,Artien Voskanian,2025-10-03,22:03:54,-07:00,2025-10-03T22:03:54-07:00,3,0
cv\index.html,110,html,18bb7913,Artien Voskanian,2025-10-03,22:03:54,-07:00,2025-10-03T22:03:54-07:00,0,0
cv\index.html,111,html,18bb7913,Artien Voskanian,2025-10-03,22:03:54,-07:00,2025-10-03T22:03:54-07:00,3,7
cv\index.html,112,html,18bb7913,Artien Voskanian,2025-10-03,22:03:54,-07:00,2025-10-03T22:03:54-07:00,4,6
cv\index.html,113,html,18bb7913,Artien Voskanian,2025-10-03,22:03:54,-07:00,2025-10-03T22:03:54-07:00,5,22
cv\index.html,114,html,18bb7913,Artien Voskanian,2025-10-03,22:03:54,-07:00,2025-10-03T22:03:54-07:00,4,7
cv\index.html,115,html,18bb7913,Artien Voskanian,2025-10-03,22:03:54,-07:00,2025-10-03T22:03:54-07:00,4,89
cv\index.html,116,html,18bb7913,Artien Voskanian,2025-10-03,22:03:54,-07:00,2025-10-03T22:03:54-07:00,3,8
cv\index.html,117,html,18bb7913,Artien Voskanian,2025-10-03,22:03:54,-07:00,2025-10-03T22:03:54-07:00,2,8
cv\index.html,118,html,18bb7913,Artien Voskanian,2025-10-03,22:03:54,-07:00,2025-10-03T22:03:54-07:00,0,0
cv\index.html,119,html,18bb7913,Artien Voskanian,2025-10-03,22:03:54,-07:00,2025-10-03T22:03:54-07:00,0,0
cv\index.html,120,html,18bb7913,Artien Voskanian,2025-10-03,22:03:54,-07:00,2025-10-03T22:03:54-07:00,2,40
cv\index.html,121,html,18bb7913,Artien Voskanian,2025-10-03,22:03:54,-07:00,2025-10-03T22:03:54-07:00,3,6
cv\index.html,122,html,18bb7913,Artien Voskanian,2025-10-03,22:03:54,-07:00,2025-10-03T22:03:54-07:00,4,33
cv\index.html,123,html,18bb7913,Artien Voskanian,2025-10-03,22:03:54,-07:00,2025-10-03T22:03:54-07:00,3,7
cv\index.html,124,html,18bb7913,Artien Voskanian,2025-10-03,22:03:54,-07:00,2025-10-03T22:03:54-07:00,3,2
cv\index.html,125,html,18bb7913,Artien Voskanian,2025-10-03,22:03:54,-07:00,2025-10-03T22:03:54-07:00,4,59
cv\index.html,126,html,18bb7913,Artien Voskanian,2025-10-03,22:03:54,-07:00,2025-10-03T22:03:54-07:00,4,32
cv\index.html,127,html,18bb7913,Artien Voskanian,2025-10-03,22:03:54,-07:00,2025-10-03T22:03:54-07:00,4,38
cv\index.html,128,html,18bb7913,Artien Voskanian,2025-10-03,22:03:54,-07:00,2025-10-03T22:03:54-07:00,3,3
cv\index.html,129,html,18bb7913,Artien Voskanian,2025-10-03,22:03:54,-07:00,2025-10-03T22:03:54-07:00,2,8
cv\index.html,130,html,18bb7913,Artien Voskanian,2025-10-03,22:03:54,-07:00,2025-10-03T22:03:54-07:00,0,0
cv\index.html,131,html,18bb7913,Artien Voskanian,2025-10-03,22:03:54,-07:00,2025-10-03T22:03:54-07:00,1,0
cv\index.html,132,html,18bb7913,Artien Voskanian,2025-10-03,22:03:54,-07:00,2025-10-03T22:03:54-07:00,1,0
cv\index.html,133,html,18bb7913,Artien Voskanian,2025-10-03,22:03:54,-07:00,2025-10-03T22:03:54-07:00,1,5
cv\index.html,134,html,18bb7913,Artien Voskanian,2025-10-03,22:03:54,-07:00,2025-10-03T22:03:54-07:00,0,0
cv\index.html,135,html,107fd71b,Artien Voskanian,2025-10-17,21:46:43,-07:00,2025-10-17T21:46:43-07:00,1,48
cv\index.html,136,html,107fd71b,Artien Voskanian,2025-10-17,21:46:43,-07:00,2025-10-17T21:46:43-07:00,0,0
cv\index.html,137,html,18bb7913,Artien Voskanian,2025-10-03,22:03:54,-07:00,2025-10-03T22:03:54-07:00,0,5
cv\index.html,138,html,18bb7913,Artien Voskanian,2025-10-03,22:03:54,-07:00,2025-10-03T22:03:54-07:00,0,5
contact\index.html,1,html,18bb7913,Artien Voskanian,2025-10-03,22:03:54,-07:00,2025-10-03T22:03:54-07:00,0,13
contact\index.html,2,html,18bb7913,Artien Voskanian,2025-10-03,22:03:54,-07:00,2025-10-03T22:03:54-07:00,0,14
contact\index.html,3,html,18bb7913,Artien Voskanian,2025-10-03,22:03:54,-07:00,2025-10-03T22:03:54-07:00,0,4
contact\index.html,4,html,18bb7913,Artien Voskanian,2025-10-03,22:03:54,-07:00,2025-10-03T22:03:54-07:00,2,20
contact\index.html,5,html,18bb7913,Artien Voskanian,2025-10-03,22:03:54,-07:00,2025-10-03T22:03:54-07:00,2,68
contact\index.html,6,html,18bb7913,Artien Voskanian,2025-10-03,22:03:54,-07:00,2025-10-03T22:03:54-07:00,2,20
contact\index.html,7,html,e955c11e,Artien Voskanian,2025-10-09,21:14:08,-07:00,2025-10-09T21:14:08-07:00,2,41
contact\index.html,8,html,18bb7913,Artien Voskanian,2025-10-03,22:03:54,-07:00,2025-10-03T22:03:54-07:00,0,5
contact\index.html,9,html,18bb7913,Artien Voskanian,2025-10-03,22:03:54,-07:00,2025-10-03T22:03:54-07:00,0,4
contact\index.html,10,html,18bb7913,Artien Voskanian,2025-10-03,22:03:54,-07:00,2025-10-03T22:03:54-07:00,2,14
contact\index.html,11,html,18bb7913,Artien Voskanian,2025-10-03,22:03:54,-07:00,2025-10-03T22:03:54-07:00,0,0
contact\index.html,12,html,107fd71b,Artien Voskanian,2025-10-17,21:46:43,-07:00,2025-10-17T21:46:43-07:00,2,29
contact\index.html,13,html,e955c11e,Artien Voskanian,2025-10-09,21:14:08,-07:00,2025-10-09T21:14:08-07:00,3,22
contact\index.html,14,html,e955c11e,Artien Voskanian,2025-10-09,21:14:08,-07:00,2025-10-09T21:14:08-07:00,4,39
contact\index.html,15,html,e955c11e,Artien Voskanian,2025-10-09,21:14:08,-07:00,2025-10-09T21:14:08-07:00,4,59
contact\index.html,16,html,e955c11e,Artien Voskanian,2025-10-09,21:14:08,-07:00,2025-10-09T21:14:08-07:00,4,52
contact\index.html,17,html,e955c11e,Artien Voskanian,2025-10-09,21:14:08,-07:00,2025-10-09T21:14:08-07:00,4,47
contact\index.html,18,html,e955c11e,Artien Voskanian,2025-10-09,21:14:08,-07:00,2025-10-09T21:14:08-07:00,4,104
contact\index.html,19,html,e955c11e,Artien Voskanian,2025-10-09,21:14:08,-07:00,2025-10-09T21:14:08-07:00,3,3
contact\index.html,20,html,107fd71b,Artien Voskanian,2025-10-17,21:46:43,-07:00,2025-10-17T21:46:43-07:00,2,8
contact\index.html,21,html,18bb7913,Artien Voskanian,2025-10-03,22:03:54,-07:00,2025-10-03T22:03:54-07:00,0,0
contact\index.html,22,html,e955c11e,Artien Voskanian,2025-10-09,21:14:08,-07:00,2025-10-09T21:14:08-07:00,0,0
contact\index.html,23,html,18bb7913,Artien Voskanian,2025-10-03,22:03:54,-07:00,2025-10-03T22:03:54-07:00,2,13
contact\index.html,24,html,18bb7913,Artien Voskanian,2025-10-03,22:03:54,-07:00,2025-10-03T22:03:54-07:00,0,14
contact\index.html,25,html,18bb7913,Artien Voskanian,2025-10-03,22:03:54,-07:00,2025-10-03T22:03:54-07:00,0,4
contact\index.html,26,html,18bb7913,Artien Voskanian,2025-10-03,22:03:54,-07:00,2025-10-03T22:03:54-07:00,1,22
contact\index.html,27,html,18bb7913,Artien Voskanian,2025-10-03,22:03:54,-07:00,2025-10-03T22:03:54-07:00,1,70
contact\index.html,28,html,18bb7913,Artien Voskanian,2025-10-03,22:03:54,-07:00,2025-10-03T22:03:54-07:00,1,20
contact\index.html,29,html,18bb7913,Artien Voskanian,2025-10-03,22:03:54,-07:00,2025-10-03T22:03:54-07:00,0,5
contact\index.html,30,html,18bb7913,Artien Voskanian,2025-10-03,22:03:54,-07:00,2025-10-03T22:03:54-07:00,0,4
contact\index.html,31,html,e955c11e,Artien Voskanian,2025-10-09,21:14:08,-07:00,2025-10-09T21:14:08-07:00,1,0
contact\index.html,32,html,e955c11e,Artien Voskanian,2025-10-09,21:14:08,-07:00,2025-10-09T21:14:08-07:00,0,0
contact\index.html,33,html,e955c11e,Artien Voskanian,2025-10-09,21:14:08,-07:00,2025-10-09T21:14:08-07:00,0,0
contact\index.html,34,html,e955c11e,Artien Voskanian,2025-10-09,21:14:08,-07:00,2025-10-09T21:14:08-07:00,1,92
contact\index.html,35,html,e955c11e,Artien Voskanian,2025-10-09,21:14:08,-07:00,2025-10-09T21:14:08-07:00,1,19
contact\index.html,36,html,e955c11e,Artien Voskanian,2025-10-09,21:14:08,-07:00,2025-10-09T21:14:08-07:00,2,30
contact\index.html,37,html,e955c11e,Artien Voskanian,2025-10-09,21:14:08,-07:00,2025-10-09T21:14:08-07:00,2,63
contact\index.html,38,html,e955c11e,Artien Voskanian,2025-10-09,21:14:08,-07:00,2025-10-09T21:14:08-07:00,1,6
contact\index.html,39,html,e955c11e,Artien Voskanian,2025-10-09,21:14:08,-07:00,2025-10-09T21:14:08-07:00,0,0
contact\index.html,40,html,e955c11e,Artien Voskanian,2025-10-09,21:14:08,-07:00,2025-10-09T21:14:08-07:00,1,19
contact\index.html,41,html,e955c11e,Artien Voskanian,2025-10-09,21:14:08,-07:00,2025-10-09T21:14:08-07:00,2,32
contact\index.html,42,html,e955c11e,Artien Voskanian,2025-10-09,21:14:08,-07:00,2025-10-09T21:14:08-07:00,2,22
contact\index.html,43,html,e955c11e,Artien Voskanian,2025-10-09,21:14:08,-07:00,2025-10-09T21:14:08-07:00,1,6
contact\index.html,44,html,e955c11e,Artien Voskanian,2025-10-09,21:14:08,-07:00,2025-10-09T21:14:08-07:00,0,0
contact\index.html,45,html,e955c11e,Artien Voskanian,2025-10-09,21:14:08,-07:00,2025-10-09T21:14:08-07:00,1,19
contact\index.html,46,html,e955c11e,Artien Voskanian,2025-10-09,21:14:08,-07:00,2025-10-09T21:14:08-07:00,2,29
contact\index.html,47,html,e955c11e,Artien Voskanian,2025-10-09,21:14:08,-07:00,2025-10-09T21:14:08-07:00,2,49
contact\index.html,48,html,e955c11e,Artien Voskanian,2025-10-09,21:14:08,-07:00,2025-10-09T21:14:08-07:00,1,6
contact\index.html,49,html,e955c11e,Artien Voskanian,2025-10-09,21:14:08,-07:00,2025-10-09T21:14:08-07:00,0,0
contact\index.html,50,html,e955c11e,Artien Voskanian,2025-10-09,21:14:08,-07:00,2025-10-09T21:14:08-07:00,1,34
contact\index.html,51,html,107fd71b,Artien Voskanian,2025-10-17,21:46:43,-07:00,2025-10-17T21:46:43-07:00,1,5
contact\index.html,52,html,107fd71b,Artien Voskanian,2025-10-17,21:46:43,-07:00,2025-10-17T21:46:43-07:00,0,0
contact\index.html,53,html,107fd71b,Artien Voskanian,2025-10-17,21:46:43,-07:00,2025-10-17T21:46:43-07:00,1,48
contact\index.html,54,html,107fd71b,Artien Voskanian,2025-10-17,21:46:43,-07:00,2025-10-17T21:46:43-07:00,0,0
contact\index.html,55,html,18bb7913,Artien Voskanian,2025-10-03,22:03:54,-07:00,2025-10-03T22:03:54-07:00,0,5
contact\index.html,56,html,18bb7913,Artien Voskanian,2025-10-03,22:03:54,-07:00,2025-10-03T22:03:54-07:00,0,5
